timestamp,name,time,a,an,rp,rn,i1,i2,i3,u1,u2,u3,mtime,chai,chae,chri,chre,i1_amps,i2_amps,i3_amps,u1_volts,u2_volts,u3_volts
2025-02-07 21:10:02.450000+00:00,obis,2025-02-07T21:10:02.45Z,596,0,0,24,8320,8900,7890,2380,2390,2390,,,,,,8.32,8.9,7.89,238.0,239.0,239.0
2025-02-07 21:09:02.422000+00:00,obis,2025-02-07T21:09:02.422Z,620,0,0,21,8530,9370,8120,2380,2390,2390,,,,,,8.53,9.37,8.12,238.0,239.0,239.0
2025-02-07 21:08:02.393000+00:00,obis,2025-02-07T21:08:02.393Z,605,0,0,65,8470,9140,8020,2380,2390,2390,,,,,,8.47,9.14,8.02,238.0,239.0,239.0
2025-02-07 21:07:02.390000+00:00,obis,2025-02-07T21:07:02.39Z,593,0,0,68,8100,9250,7720,2380,2390,2390,,,,,,8.1,9.25,7.72,238.0,239.0,239.0
2025-02-07 21:05:52.390000+00:00,obis,2025-02-07T21:05:52.39Z,557,0,0,65,7780,8790,7040,2380,2390,2390,,,,,,7.78,8.79,7.04,238.0,239.0,239.0
2025-02-07 21:04:52.387000+00:00,obis,2025-02-07T21:04:52.387Z,544,0,0,62,7760,8490,6760,2380,2380,2390,,,,,,7.76,8.49,6.76,238.0,238.0,239.0
2025-02-07 21:03:52.371000+00:00,obis,2025-02-07T21:03:52.371Z,600,0,0,64,8400,9490,7520,2380,2380,2390,,,,,,8.4,9.49,7.52,238.0,238.0,239.0
2025-02-07 21:02:52.368000+00:00,obis,2025-02-07T21:02:52.368Z,587,0,0,64,8200,9300,7310,2380,2380,2390,,,,,,8.2,9.3,7.31,238.0,238.0,239.0
2025-02-07 21:01:52.364000+00:00,obis,2025-02-07T21:01:52.364Z,579,0,0,65,8280,9070,7180,2380,2380,2380,,,,,,8.28,9.07,7.18,238.0,238.0,238.0
2025-02-07 21:00:47.715000+00:00,obis,2025-02-07T21:00:47.715Z,590,0,0,64,8370,9300,7280,2380,2380,2390,2025-2-7 22:00:45,1605510.0,0.0,326120.0,60160.0,8.37,9.3,7.28,238.0,238.0,239.0
2025-02-07 21:00:02.655000+00:00,obis,2025-02-07T21:00:02.655Z,575,0,0,67,7960,9130,7270,2380,2380,2390,,,,,,7.96,9.13,7.27,238.0,238.0,239.0
2025-02-07 20:58:52.404000+00:00,obis,2025-02-07T20:58:52.404Z,584,0,0,67,8030,9420,7270,2380,2390,2390,,,,,,8.03,9.42,7.27,238.0,239.0,239.0
2025-02-07 20:57:52.351000+00:00,obis,2025-02-07T20:57:52.351Z,566,0,0,69,8080,8640,7310,2380,2380,2390,,,,,,8.08,8.64,7.31,238.0,238.0,239.0
2025-02-07 20:56:52.347000+00:00,obis,2025-02-07T20:56:52.347Z,532,0,0,67,7330,8600,6630,2380,2380,2390,,,,,,7.33,8.6,6.63,238.0,238.0,239.0
2025-02-07 20:55:42.398000+00:00,obis,2025-02-07T20:55:42.398Z,535,0,0,35,7310,8640,6610,2380,2380,2390,,,,,,7.31,8.64,6.61,238.0,238.0,239.0
2025-02-07 20:54:42.359000+00:00,obis,2025-02-07T20:54:42.359Z,580,0,0,35,8040,9100,7320,2380,2380,2390,,,,,,8.04,9.1,7.32,238.0,238.0,239.0
2025-02-07 20:53:32.359000+00:00,obis,2025-02-07T20:53:32.359Z,587,0,0,35,8070,9340,7340,2380,2380,2390,,,,,,8.07,9.34,7.34,238.0,238.0,239.0
2025-02-07 20:52:32.356000+00:00,obis,2025-02-07T20:52:32.356Z,583,0,0,67,8170,9170,7350,2380,2380,2390,,,,,,8.17,9.17,7.35,238.0,238.0,239.0
2025-02-07 20:51:22.407000+00:00,obis,2025-02-07T20:51:22.407Z,575,0,0,67,8050,9010,7310,2380,2380,2390,,,,,,8.05,9.01,7.31,238.0,238.0,239.0
2025-02-07 20:50:22.353000+00:00,obis,2025-02-07T20:50:22.353Z,579,0,0,68,8100,9200,7300,2380,2380,2390,,,,,,8.1,9.2,7.3,238.0,238.0,239.0
2025-02-07 20:49:22.350000+00:00,obis,2025-02-07T20:49:22.35Z,567,0,0,69,8150,9040,6860,2380,2380,2390,,,,,,8.15,9.04,6.86,238.0,238.0,239.0
2025-02-07 20:48:12.375000+00:00,obis,2025-02-07T20:48:12.375Z,577,0,0,67,8150,9010,7290,2380,2390,2390,,,,,,8.15,9.01,7.29,238.0,239.0,239.0
2025-02-07 20:47:12.347000+00:00,obis,2025-02-07T20:47:12.347Z,582,0,0,69,8200,9160,7380,2380,2380,2390,,,,,,8.2,9.16,7.38,238.0,238.0,239.0
2025-02-07 20:46:12.315000+00:00,obis,2025-02-07T20:46:12.315Z,572,0,0,72,8080,8930,7290,2380,2380,2390,,,,,,8.08,8.93,7.29,238.0,238.0,239.0
2025-02-07 20:45:02.340000+00:00,obis,2025-02-07T20:45:02.34Z,576,0,0,71,8140,9050,7250,2380,2380,2390,,,,,,8.14,9.05,7.25,238.0,238.0,239.0
2025-02-07 20:44:02.323000+00:00,obis,2025-02-07T20:44:02.323Z,585,0,0,68,8440,9060,7330,2380,2380,2390,,,,,,8.44,9.06,7.33,238.0,238.0,239.0
2025-02-07 20:43:02.320000+00:00,obis,2025-02-07T20:43:02.32Z,581,0,0,70,8430,8880,7310,2380,2380,2390,,,,,,8.43,8.88,7.31,238.0,238.0,239.0
2025-02-07 20:42:02.316000+00:00,obis,2025-02-07T20:42:02.316Z,582,0,0,68,8410,9050,7270,2370,2380,2380,,,,,,8.41,9.05,7.27,237.0,238.0,238.0
2025-02-07 20:40:52.358000+00:00,obis,2025-02-07T20:40:52.358Z,537,0,0,41,7580,8360,6750,2380,2380,2390,,,,,,7.58,8.36,6.75,238.0,238.0,239.0
2025-02-07 20:39:52.355000+00:00,obis,2025-02-07T20:39:52.355Z,599,0,47,0,8380,9350,7610,2370,2380,2380,,,,,,8.38,9.35,7.61,237.0,238.0,238.0
2025-02-07 20:38:52.327000+00:00,obis,2025-02-07T20:38:52.327Z,615,0,144,0,8780,9600,8230,2370,2380,2380,,,,,,8.78,9.6,8.23,237.0,238.0,238.0
2025-02-07 20:37:42.327000+00:00,obis,2025-02-07T20:37:42.327Z,623,0,187,0,8800,9930,8690,2370,2380,2380,,,,,,8.8,9.93,8.69,237.0,238.0,238.0
2025-02-07 20:36:42.323000+00:00,obis,2025-02-07T20:36:42.323Z,632,0,164,0,8730,10360,8440,2370,2380,2380,,,,,,8.73,10.36,8.44,237.0,238.0,238.0
2025-02-07 20:35:42.320000+00:00,obis,2025-02-07T20:35:42.32Z,666,0,167,0,9160,10880,8930,2370,2380,2380,,,,,,9.16,10.88,8.93,237.0,238.0,238.0
2025-02-07 20:34:42.317000+00:00,obis,2025-02-07T20:34:42.317Z,682,0,166,0,9320,11210,9050,2370,2380,2380,,,,,,9.32,11.21,9.05,237.0,238.0,238.0
2025-02-07 20:33:42.300000+00:00,obis,2025-02-07T20:33:42.3Z,686,0,168,0,9500,11220,9050,2370,2380,2380,,,,,,9.5,11.22,9.05,237.0,238.0,238.0
2025-02-07 20:32:42.297000+00:00,obis,2025-02-07T20:32:42.297Z,637,0,168,0,9120,10290,8380,2370,2380,2380,,,,,,9.12,10.29,8.38,237.0,238.0,238.0
2025-02-07 20:31:42.294000+00:00,obis,2025-02-07T20:31:42.294Z,639,0,166,0,8880,10510,8430,2370,2380,2380,,,,,,8.88,10.51,8.43,237.0,238.0,238.0
2025-02-07 20:30:42.290000+00:00,obis,2025-02-07T20:30:42.29Z,637,0,188,0,9170,10340,8520,2370,2380,2380,,,,,,9.17,10.34,8.52,237.0,238.0,238.0
2025-02-07 20:29:42.287000+00:00,obis,2025-02-07T20:29:42.287Z,689,0,190,0,9790,11150,9140,2370,2380,2380,,,,,,9.79,11.15,9.14,237.0,238.0,238.0
2025-02-07 20:28:42.284000+00:00,obis,2025-02-07T20:28:42.284Z,669,0,190,0,9460,10850,8920,2380,2380,2390,,,,,,9.46,10.85,8.92,238.0,238.0,239.0
2025-02-07 20:27:42.280000+00:00,obis,2025-02-07T20:27:42.28Z,689,0,289,0,10280,11320,9800,2380,2390,2390,,,,,,10.28,11.32,9.8,238.0,239.0,239.0
2025-02-07 20:26:32.331000+00:00,obis,2025-02-07T20:26:32.331Z,688,0,270,0,10080,11330,9520,2390,2390,2400,,,,,,10.08,11.33,9.52,239.0,239.0,240.0
2025-02-07 20:25:32.328000+00:00,obis,2025-02-07T20:25:32.328Z,690,0,271,0,10120,11370,9570,2390,2390,2400,,,,,,10.12,11.37,9.57,239.0,239.0,240.0
2025-02-07 20:24:22.286000+00:00,obis,2025-02-07T20:24:22.286Z,670,0,266,0,9890,10970,9370,2390,2390,2390,,,,,,9.89,10.97,9.37,239.0,239.0,239.0
2025-02-07 20:23:22.283000+00:00,obis,2025-02-07T20:23:22.283Z,668,0,239,0,9620,10870,9190,2390,2390,2390,,,,,,9.62,10.87,9.19,239.0,239.0,239.0
2025-02-07 20:22:22.280000+00:00,obis,2025-02-07T20:22:22.28Z,668,0,238,0,9690,10730,9280,2390,2390,2390,,,,,,9.69,10.73,9.28,239.0,239.0,239.0
2025-02-07 20:21:22.277000+00:00,obis,2025-02-07T20:21:22.277Z,689,0,241,0,10220,11020,9310,2390,2390,2400,,,,,,10.22,11.02,9.31,239.0,239.0,240.0
2025-02-07 20:20:22.273000+00:00,obis,2025-02-07T20:20:22.273Z,678,0,270,0,10170,11240,9220,2380,2390,2390,,,,,,10.17,11.24,9.22,238.0,239.0,239.0
2025-02-07 20:19:22.270000+00:00,obis,2025-02-07T20:19:22.27Z,700,0,273,0,10630,11350,9560,2380,2390,2390,,,,,,10.63,11.35,9.56,238.0,239.0,239.0
2025-02-07 20:18:22.267000+00:00,obis,2025-02-07T20:18:22.267Z,701,0,246,0,10530,11180,9420,2380,2390,2390,,,,,,10.53,11.18,9.42,238.0,239.0,239.0
2025-02-07 20:17:22.264000+00:00,obis,2025-02-07T20:17:22.264Z,693,0,244,0,10430,11010,9360,2380,2390,2390,,,,,,10.43,11.01,9.36,238.0,239.0,239.0
2025-02-07 20:16:12.314000+00:00,obis,2025-02-07T20:16:12.314Z,723,0,275,0,10840,11700,9830,2380,2390,2400,,,,,,10.84,11.7,9.83,238.0,239.0,240.0
2025-02-07 20:15:12.311000+00:00,obis,2025-02-07T20:15:12.311Z,749,0,230,0,10770,12480,9640,2390,2390,2400,,,,,,10.77,12.48,9.64,239.0,239.0,240.0
2025-02-07 20:14:12.265000+00:00,obis,2025-02-07T20:14:12.265Z,793,0,261,0,11550,12770,10660,2380,2390,2400,,,,,,11.55,12.77,10.66,238.0,239.0,240.0
2025-02-07 20:13:12.262000+00:00,obis,2025-02-07T20:13:12.262Z,799,0,261,0,11600,12960,10680,2380,2390,2390,,,,,,11.6,12.96,10.68,238.0,239.0,239.0
2025-02-07 20:12:12.258000+00:00,obis,2025-02-07T20:12:12.258Z,783,0,230,0,11350,12470,10400,2390,2390,2390,,,,,,11.35,12.47,10.4,239.0,239.0,239.0
2025-02-07 20:11:12.250000+00:00,obis,2025-02-07T20:11:12.25Z,765,0,287,0,11430,12510,10270,2380,2390,2400,,,,,,11.43,12.51,10.27,238.0,239.0,240.0
2025-02-07 20:10:12.247000+00:00,obis,2025-02-07T20:10:12.247Z,784,0,260,0,11510,12440,10670,2380,2390,2390,,,,,,11.51,12.44,10.67,238.0,239.0,239.0
2025-02-07 20:09:12.243000+00:00,obis,2025-02-07T20:09:12.243Z,795,0,367,0,12240,12930,11520,2380,2390,2390,,,,,,12.24,12.93,11.52,238.0,239.0,239.0
2025-02-07 20:08:12.240000+00:00,obis,2025-02-07T20:08:12.24Z,790,0,336,0,11740,12890,11350,2380,2390,2390,,,,,,11.74,12.89,11.35,238.0,239.0,239.0
2025-02-07 20:07:12.237000+00:00,obis,2025-02-07T20:07:12.237Z,782,0,313,0,11740,12380,11250,2380,2380,2390,,,,,,11.74,12.38,11.25,238.0,238.0,239.0
2025-02-07 20:06:02.262000+00:00,obis,2025-02-07T20:06:02.262Z,776,0,365,0,11870,12700,11430,2380,2390,2390,,,,,,11.87,12.7,11.43,238.0,239.0,239.0
2025-02-07 20:04:52.273000+00:00,obis,2025-02-07T20:04:52.273Z,783,0,313,0,11580,12590,11190,2380,2390,2390,,,,,,11.58,12.59,11.19,238.0,239.0,239.0
2025-02-07 20:03:52.256000+00:00,obis,2025-02-07T20:03:52.256Z,742,0,369,0,11440,12270,11120,2380,2380,2390,,,,,,11.44,12.27,11.12,238.0,238.0,239.0
2025-02-07 20:02:52.253000+00:00,obis,2025-02-07T20:02:52.253Z,750,0,342,0,11340,12520,10780,2380,2380,2390,,,,,,11.34,12.52,10.78,238.0,238.0,239.0
2025-02-07 20:01:52.249000+00:00,obis,2025-02-07T20:01:52.249Z,778,0,311,0,11520,12520,11160,2380,2380,2390,,,,,,11.52,12.52,11.16,238.0,238.0,239.0
2025-02-07 20:00:47.571000+00:00,obis,2025-02-07T20:00:47.571Z,784,0,310,0,11830,12600,11020,2380,2380,2390,2025-2-7 21:00:45,1604850.0,0.0,325960.0,60140.0,11.83,12.6,11.02,238.0,238.0,239.0
2025-02-07 20:00:02.486000+00:00,obis,2025-02-07T20:00:02.486Z,794,0,345,0,12370,12770,11300,2380,2380,2390,,,,,,12.37,12.77,11.3,238.0,238.0,239.0
2025-02-07 19:59:02.257000+00:00,obis,2025-02-07T19:59:02.257Z,847,0,315,0,12670,13580,11800,2380,2380,2390,,,,,,12.67,13.58,11.8,238.0,238.0,239.0
2025-02-07 19:57:52.257000+00:00,obis,2025-02-07T19:57:52.257Z,814,0,314,0,12150,13020,11470,2380,2380,2390,,,,,,12.15,13.02,11.47,238.0,238.0,239.0
2025-02-07 19:56:52.254000+00:00,obis,2025-02-07T19:56:52.254Z,811,0,316,0,12200,12930,11450,2380,2380,2390,,,,,,12.2,12.93,11.45,238.0,238.0,239.0
2025-02-07 19:55:52.251000+00:00,obis,2025-02-07T19:55:52.251Z,813,0,319,0,12130,13080,11470,2380,2380,2390,,,,,,12.13,13.08,11.47,238.0,238.0,239.0
2025-02-07 19:54:52.247000+00:00,obis,2025-02-07T19:54:52.247Z,857,0,350,0,13030,13670,12210,2370,2380,2390,,,,,,13.03,13.67,12.21,237.0,238.0,239.0
2025-02-07 19:53:52.244000+00:00,obis,2025-02-07T19:53:52.244Z,834,0,337,0,12200,13730,11980,2370,2380,2390,,,,,,12.2,13.73,11.98,237.0,238.0,239.0
2025-02-07 19:52:52.241000+00:00,obis,2025-02-07T19:52:52.241Z,841,0,361,0,12240,14080,12220,2370,2380,2390,,,,,,12.24,14.08,12.22,237.0,238.0,239.0
2025-02-07 19:51:52.238000+00:00,obis,2025-02-07T19:51:52.238Z,829,0,358,0,12260,13650,12160,2370,2380,2380,,,,,,12.26,13.65,12.16,237.0,238.0,238.0
2025-02-07 19:50:52.234000+00:00,obis,2025-02-07T19:50:52.234Z,806,0,358,0,11940,13370,11790,2380,2380,2390,,,,,,11.94,13.37,11.79,238.0,238.0,239.0
2025-02-07 19:49:52.231000+00:00,obis,2025-02-07T19:49:52.231Z,803,0,353,0,11840,13270,11790,2370,2380,2390,,,,,,11.84,13.27,11.79,237.0,238.0,239.0
2025-02-07 19:48:52.227000+00:00,obis,2025-02-07T19:48:52.227Z,800,0,330,0,11810,13030,11570,2380,2380,2390,,,,,,11.81,13.03,11.57,238.0,238.0,239.0
2025-02-07 19:47:52.224000+00:00,obis,2025-02-07T19:47:52.224Z,794,0,298,0,11590,12850,11310,2370,2380,2380,,,,,,11.59,12.85,11.31,237.0,238.0,238.0
2025-02-07 19:46:52.221000+00:00,obis,2025-02-07T19:46:52.221Z,876,0,354,0,13130,14000,12780,2370,2370,2380,,,,,,13.13,14.0,12.78,237.0,237.0,238.0
2025-02-07 19:45:52.217000+00:00,obis,2025-02-07T19:45:52.217Z,820,0,302,0,11790,13500,11530,2370,2380,2390,,,,,,11.79,13.5,11.53,237.0,238.0,239.0
2025-02-07 19:44:52.214000+00:00,obis,2025-02-07T19:44:52.214Z,817,0,301,0,11700,13480,11490,2370,2380,2380,,,,,,11.7,13.48,11.49,237.0,238.0,238.0
2025-02-07 19:43:42.247000+00:00,obis,2025-02-07T19:43:42.247Z,840,0,384,0,12310,14240,12470,2370,2370,2380,,,,,,12.31,14.24,12.47,237.0,237.0,238.0
2025-02-07 19:42:32.222000+00:00,obis,2025-02-07T19:42:32.222Z,813,0,403,0,12030,13830,12290,2380,2380,2390,,,,,,12.03,13.83,12.29,238.0,238.0,239.0
2025-02-07 19:41:22.222000+00:00,obis,2025-02-07T19:41:22.222Z,845,0,367,0,12200,13960,12390,2390,2390,2400,,,,,,12.2,13.96,12.39,239.0,239.0,240.0
2025-02-07 19:40:22.219000+00:00,obis,2025-02-07T19:40:22.219Z,849,0,370,0,12300,14020,12370,2390,2400,2400,,,,,,12.3,14.02,12.37,239.0,240.0,240.0
2025-02-07 19:39:12.269000+00:00,obis,2025-02-07T19:39:12.269Z,847,0,400,0,12350,14120,12700,2390,2400,2400,,,,,,12.35,14.12,12.7,239.0,240.0,240.0
2025-02-07 19:38:12.216000+00:00,obis,2025-02-07T19:38:12.216Z,836,0,327,0,12110,13430,11910,2390,2400,2400,,,,,,12.11,13.43,11.91,239.0,240.0,240.0
2025-02-07 19:37:12.212000+00:00,obis,2025-02-07T19:37:12.212Z,846,0,379,0,12450,13970,12350,2390,2390,2400,,,,,,12.45,13.97,12.35,239.0,239.0,240.0
2025-02-07 19:36:12.209000+00:00,obis,2025-02-07T19:36:12.209Z,838,0,380,0,12380,13870,12250,2390,2390,2400,,,,,,12.38,13.87,12.25,239.0,239.0,240.0
2025-02-07 19:35:12.205000+00:00,obis,2025-02-07T19:35:12.205Z,844,0,379,0,12460,13890,12360,2390,2390,2400,,,,,,12.46,13.89,12.36,239.0,239.0,240.0
2025-02-07 19:34:12.194000+00:00,obis,2025-02-07T19:34:12.194Z,780,0,354,0,11750,12920,11140,2390,2400,2400,,,,,,11.75,12.92,11.14,239.0,240.0,240.0
2025-02-07 19:33:02.244000+00:00,obis,2025-02-07T19:33:02.244Z,847,0,352,0,12800,13550,12030,2390,2390,2400,,,,,,12.8,13.55,12.03,239.0,239.0,240.0
2025-02-07 19:31:52.245000+00:00,obis,2025-02-07T19:31:52.245Z,797,0,376,0,11930,13130,11680,2400,2400,2410,,,,,,11.93,13.13,11.68,240.0,240.0,241.0
2025-02-07 19:30:52.191000+00:00,obis,2025-02-07T19:30:52.191Z,793,0,373,0,11980,13230,11350,2400,2400,2410,,,,,,11.98,13.23,11.35,240.0,240.0,241.0
2025-02-07 19:29:52.188000+00:00,obis,2025-02-07T19:29:52.188Z,883,0,371,0,13100,14440,12370,2400,2400,2410,,,,,,13.1,14.44,12.37,240.0,240.0,241.0
2025-02-07 19:28:42.188000+00:00,obis,2025-02-07T19:28:42.188Z,868,0,316,0,12650,13980,11890,2400,2400,2410,,,,,,12.65,13.98,11.89,240.0,240.0,241.0
2025-02-07 19:27:32.188000+00:00,obis,2025-02-07T19:27:32.188Z,873,0,344,0,12800,14260,12070,2400,2400,2410,,,,,,12.8,14.26,12.07,240.0,240.0,241.0
2025-02-08 21:09:11.410000+00:00,obis,2025-02-08T21:09:11.41Z,484,0,0,54,5970,7480,6860,2400,2410,2410,,,,,,5.97,7.48,6.86,240.0,241.0,241.0
2025-02-08 21:08:11.401000+00:00,obis,2025-02-08T21:08:11.401Z,453,0,0,53,5780,7090,6190,2400,2410,2410,,,,,,5.78,7.09,6.19,240.0,241.0,241.0
2025-02-08 21:07:11.397000+00:00,obis,2025-02-08T21:07:11.397Z,455,0,0,54,5800,7240,6160,2400,2410,2410,,,,,,5.8,7.24,6.16,240.0,241.0,241.0
2025-02-08 21:06:11.394000+00:00,obis,2025-02-08T21:06:11.394Z,462,0,0,55,5920,7300,6230,2400,2400,2410,,,,,,5.92,7.3,6.23,240.0,240.0,241.0
2025-02-08 21:05:11.391000+00:00,obis,2025-02-08T21:05:11.391Z,455,0,0,55,5860,7110,6230,2400,2400,2410,,,,,,5.86,7.11,6.23,240.0,240.0,241.0
2025-02-08 21:04:11.388000+00:00,obis,2025-02-08T21:04:11.388Z,453,0,0,55,5780,7220,6100,2400,2400,2410,,,,,,5.78,7.22,6.1,240.0,240.0,241.0
2025-02-08 21:03:01.388000+00:00,obis,2025-02-08T21:03:01.388Z,460,0,0,59,5900,7180,6290,2400,2400,2410,,,,,,5.9,7.18,6.29,240.0,240.0,241.0
2025-02-08 21:01:51.388000+00:00,obis,2025-02-08T21:01:51.388Z,468,0,0,58,6030,7400,6320,2400,2400,2410,,,,,,6.03,7.4,6.32,240.0,240.0,241.0
2025-02-08 21:00:46.685000+00:00,obis,2025-02-08T21:00:46.685Z,466,0,0,59,6040,7320,6270,2400,2400,2410,2025-2-8 22:00:45,1623890.0,0.0,330150.0,60890.0,6.04,7.32,6.27,240.0,240.0,241.0
2025-02-08 21:00:41.386000+00:00,obis,2025-02-08T21:00:41.386Z,463,0,0,58,6010,7280,6240,2400,2400,2410,,,,,,6.01,7.28,6.24,240.0,240.0,241.0
2025-02-08 20:59:41.382000+00:00,obis,2025-02-08T20:59:41.382Z,464,0,0,60,6040,7170,6340,2400,2410,2410,,,,,,6.04,7.17,6.34,240.0,241.0,241.0
2025-02-08 20:58:41.365000+00:00,obis,2025-02-08T20:58:41.365Z,481,0,0,56,6410,7390,6440,2400,2400,2400,,,,,,6.41,7.39,6.44,240.0,240.0,240.0
2025-02-08 20:57:41.362000+00:00,obis,2025-02-08T20:57:41.362Z,488,0,0,55,6730,7590,6210,2400,2400,2400,,,,,,6.73,7.59,6.21,240.0,240.0,240.0
2025-02-08 20:56:31.412000+00:00,obis,2025-02-08T20:56:31.412Z,487,0,0,51,6620,7500,6380,2400,2400,2410,,,,,,6.62,7.5,6.38,240.0,240.0,241.0
2025-02-08 20:55:31.359000+00:00,obis,2025-02-08T20:55:31.359Z,520,0,0,52,6810,8010,7020,2390,2400,2400,,,,,,6.81,8.01,7.02,239.0,240.0,240.0
2025-02-08 20:54:31.355000+00:00,obis,2025-02-08T20:54:31.355Z,517,0,0,52,6930,7730,7050,2400,2400,2400,,,,,,6.93,7.73,7.05,240.0,240.0,240.0
2025-02-08 20:53:21.406000+00:00,obis,2025-02-08T20:53:21.406Z,518,0,0,52,6890,7810,7030,2400,2400,2400,,,,,,6.89,7.81,7.03,240.0,240.0,240.0
2025-02-08 20:52:21.353000+00:00,obis,2025-02-08T20:52:21.353Z,504,0,0,54,6640,7530,7020,2400,2400,2400,,,,,,6.64,7.53,7.02,240.0,240.0,240.0
2025-02-08 20:51:21.349000+00:00,obis,2025-02-08T20:51:21.349Z,510,0,0,50,6670,7710,7050,2400,2400,2400,,,,,,6.67,7.71,7.05,240.0,240.0,240.0
2025-02-08 20:50:21.346000+00:00,obis,2025-02-08T20:50:21.346Z,481,0,0,52,6230,7370,6690,2400,2400,2400,,,,,,6.23,7.37,6.69,240.0,240.0,240.0
2025-02-08 20:49:21.342000+00:00,obis,2025-02-08T20:49:21.342Z,474,0,0,51,6220,7140,6610,2400,2400,2400,,,,,,6.22,7.14,6.61,240.0,240.0,240.0
2025-02-08 20:48:11.348000+00:00,obis,2025-02-08T20:48:11.348Z,447,0,0,55,6120,6870,5950,2400,2400,2400,,,,,,6.12,6.87,5.95,240.0,240.0,240.0
2025-02-08 20:47:11.345000+00:00,obis,2025-02-08T20:47:11.345Z,456,0,0,55,6100,7270,5900,2400,2400,2400,,,,,,6.1,7.27,5.9,240.0,240.0,240.0
2025-02-08 20:46:11.342000+00:00,obis,2025-02-08T20:46:11.342Z,475,0,0,55,6190,7370,6480,2400,2400,2410,,,,,,6.19,7.37,6.48,240.0,240.0,241.0
2025-02-08 20:45:11.338000+00:00,obis,2025-02-08T20:45:11.338Z,477,0,0,54,6160,7520,6430,2400,2400,2400,,,,,,6.16,7.52,6.43,240.0,240.0,240.0
2025-02-08 20:44:11.335000+00:00,obis,2025-02-08T20:44:11.335Z,470,0,0,55,6090,7270,6420,2400,2400,2400,,,,,,6.09,7.27,6.42,240.0,240.0,240.0
2025-02-08 20:43:11.331000+00:00,obis,2025-02-08T20:43:11.331Z,471,0,0,59,6070,7380,6410,2400,2400,2400,,,,,,6.07,7.38,6.41,240.0,240.0,240.0
2025-02-08 20:42:11.328000+00:00,obis,2025-02-08T20:42:11.328Z,448,0,0,61,5910,7260,5800,2400,2400,2400,,,,,,5.91,7.26,5.8,240.0,240.0,240.0
2025-02-08 20:41:01.398000+00:00,obis,2025-02-08T20:41:01.398Z,443,0,0,61,5920,7080,5750,2400,2400,2400,,,,,,5.92,7.08,5.75,240.0,240.0,240.0
2025-02-08 20:40:01.344000+00:00,obis,2025-02-08T20:40:01.344Z,469,0,0,61,6010,7410,6380,2400,2400,2400,,,,,,6.01,7.41,6.38,240.0,240.0,240.0
2025-02-08 20:39:01.341000+00:00,obis,2025-02-08T20:39:01.341Z,470,0,0,62,6040,7420,6380,2400,2400,2400,,,,,,6.04,7.42,6.38,240.0,240.0,240.0
2025-02-08 20:38:01.327000+00:00,obis,2025-02-08T20:38:01.327Z,470,0,0,61,6040,7430,6350,2400,2400,2400,,,,,,6.04,7.43,6.35,240.0,240.0,240.0
2025-02-08 20:37:01.324000+00:00,obis,2025-02-08T20:37:01.324Z,480,0,0,58,6340,7440,6410,2390,2400,2400,,,,,,6.34,7.44,6.41,239.0,240.0,240.0
2025-02-08 20:36:01.320000+00:00,obis,2025-02-08T20:36:01.32Z,477,0,0,55,6360,7280,6460,2390,2400,2400,,,,,,6.36,7.28,6.46,239.0,240.0,240.0
2025-02-08 20:35:01.317000+00:00,obis,2025-02-08T20:35:01.317Z,484,0,0,55,6380,7480,6500,2400,2400,2410,,,,,,6.38,7.48,6.5,240.0,240.0,241.0
2025-02-08 20:34:01.314000+00:00,obis,2025-02-08T20:34:01.314Z,455,0,0,56,6280,7040,5910,2400,2400,2400,,,,,,6.28,7.04,5.91,240.0,240.0,240.0
2025-02-08 20:32:51.364000+00:00,obis,2025-02-08T20:32:51.364Z,477,0,0,55,6360,7270,6510,2400,2400,2400,,,,,,6.36,7.27,6.51,240.0,240.0,240.0
2025-02-08 20:31:51.336000+00:00,obis,2025-02-08T20:31:51.336Z,482,0,0,53,6310,7430,6540,2400,2400,2400,,,,,,6.31,7.43,6.54,240.0,240.0,240.0
2025-02-08 20:30:51.307000+00:00,obis,2025-02-08T20:30:51.307Z,472,0,0,54,6020,7430,6460,2390,2400,2400,,,,,,6.02,7.43,6.46,239.0,240.0,240.0
2025-02-08 20:29:41.333000+00:00,obis,2025-02-08T20:29:41.333Z,447,0,0,53,5830,7290,5770,2400,2400,2400,,,,,,5.83,7.29,5.77,240.0,240.0,240.0
2025-02-08 20:28:41.309000+00:00,obis,2025-02-08T20:28:41.309Z,451,0,0,49,5900,7300,5810,2400,2400,2410,,,,,,5.9,7.3,5.81,240.0,240.0,241.0
2025-02-08 20:27:31.310000+00:00,obis,2025-02-08T20:27:31.31Z,470,0,0,54,6050,7280,6470,2390,2400,2400,,,,,,6.05,7.28,6.47,239.0,240.0,240.0
2025-02-08 20:26:31.306000+00:00,obis,2025-02-08T20:26:31.306Z,473,0,0,56,6080,7520,6360,2400,2400,2400,,,,,,6.08,7.52,6.36,240.0,240.0,240.0
2025-02-08 20:25:21.332000+00:00,obis,2025-02-08T20:25:21.332Z,471,0,0,55,6060,7480,6330,2390,2400,2400,,,,,,6.06,7.48,6.33,239.0,240.0,240.0
2025-02-08 20:24:21.303000+00:00,obis,2025-02-08T20:24:21.303Z,467,0,0,58,6070,7310,6300,2400,2400,2400,,,,,,6.07,7.31,6.3,240.0,240.0,240.0
2025-02-08 20:23:11.304000+00:00,obis,2025-02-08T20:23:11.304Z,470,0,0,58,6100,7370,6350,2390,2400,2400,,,,,,6.1,7.37,6.35,239.0,240.0,240.0
2025-02-08 20:22:11.300000+00:00,obis,2025-02-08T20:22:11.3Z,471,0,0,60,6160,7290,6420,2400,2400,2400,,,,,,6.16,7.29,6.42,240.0,240.0,240.0
2025-02-08 20:21:01.295000+00:00,obis,2025-02-08T20:21:01.295Z,484,0,0,60,6270,7560,6580,2390,2400,2400,,,,,,6.27,7.56,6.58,239.0,240.0,240.0
2025-02-08 20:20:01.292000+00:00,obis,2025-02-08T20:20:01.292Z,483,0,0,60,6300,7540,6540,2390,2400,2400,,,,,,6.3,7.54,6.54,239.0,240.0,240.0
2025-02-08 20:19:01.264000+00:00,obis,2025-02-08T20:19:01.264Z,453,0,0,59,6200,7070,5900,2400,2400,2400,,,,,,6.2,7.07,5.9,240.0,240.0,240.0
2025-02-08 20:17:51.284000+00:00,obis,2025-02-08T20:17:51.284Z,508,0,0,56,6680,7880,6860,2390,2400,2400,,,,,,6.68,7.88,6.86,239.0,240.0,240.0
2025-02-08 20:16:51.281000+00:00,obis,2025-02-08T20:16:51.281Z,511,0,0,58,6680,7920,6930,2390,2400,2400,,,,,,6.68,7.92,6.93,239.0,240.0,240.0
2025-02-08 20:15:51.278000+00:00,obis,2025-02-08T20:15:51.278Z,489,0,0,55,6560,7750,6320,2390,2400,2400,,,,,,6.56,7.75,6.32,239.0,240.0,240.0
2025-02-08 20:14:51.274000+00:00,obis,2025-02-08T20:14:51.274Z,524,0,0,50,6970,8110,6980,2390,2400,2400,,,,,,6.97,8.11,6.98,239.0,240.0,240.0
2025-02-08 20:13:41.275000+00:00,obis,2025-02-08T20:13:41.275Z,517,0,0,51,7010,7880,6910,2390,2400,2400,,,,,,7.01,7.88,6.91,239.0,240.0,240.0
2025-02-08 20:12:31.275000+00:00,obis,2025-02-08T20:12:31.275Z,517,0,0,46,7340,8050,6350,2390,2400,2400,,,,,,7.34,8.05,6.35,239.0,240.0,240.0
2025-02-08 20:11:21.269000+00:00,obis,2025-02-08T20:11:21.269Z,506,0,0,46,7090,7700,6530,2390,2400,2400,,,,,,7.09,7.7,6.53,239.0,240.0,240.0
2025-02-08 20:10:21.266000+00:00,obis,2025-02-08T20:10:21.266Z,503,0,0,46,7130,7530,6510,2390,2400,2400,,,,,,7.13,7.53,6.51,239.0,240.0,240.0
2025-02-08 20:09:21.262000+00:00,obis,2025-02-08T20:09:21.262Z,476,0,0,48,6630,7550,5890,2390,2400,2400,,,,,,6.63,7.55,5.89,239.0,240.0,240.0
2025-02-08 20:08:11.302000+00:00,obis,2025-02-08T20:08:11.302Z,499,0,0,49,6740,7740,6540,2390,2400,2400,,,,,,6.74,7.74,6.54,239.0,240.0,240.0
2025-02-08 20:07:11.248000+00:00,obis,2025-02-08T20:07:11.248Z,489,0,0,53,6710,7480,6430,2390,2400,2400,,,,,,6.71,7.48,6.43,239.0,240.0,240.0
2025-02-08 20:06:01.276000+00:00,obis,2025-02-08T20:06:01.276Z,478,0,0,54,6710,7610,5910,2390,2400,2400,,,,,,6.71,7.61,5.91,239.0,240.0,240.0
2025-02-08 20:05:01.223000+00:00,obis,2025-02-08T20:05:01.223Z,493,0,0,57,6820,7480,6490,2390,2400,2400,,,,,,6.82,7.48,6.49,239.0,240.0,240.0
2025-02-08 20:04:01.219000+00:00,obis,2025-02-08T20:04:01.219Z,499,0,0,57,6860,7660,6520,2390,2400,2400,,,,,,6.86,7.66,6.52,239.0,240.0,240.0
2025-02-08 20:03:01.216000+00:00,obis,2025-02-08T20:03:01.216Z,467,0,0,57,6620,7360,5800,2390,2400,2400,,,,,,6.62,7.36,5.8,239.0,240.0,240.0
2025-02-08 20:01:51.241000+00:00,obis,2025-02-08T20:01:51.241Z,497,0,0,55,6770,7360,6800,2390,2400,2400,,,,,,6.77,7.36,6.8,239.0,240.0,240.0
2025-02-08 20:00:46.541000+00:00,obis,2025-02-08T20:00:46.541Z,501,0,0,54,6760,7540,6800,2390,2400,2400,2025-2-8 21:00:45,1623410.0,0.0,330150.0,60840.0,6.76,7.54,6.8,239.0,240.0,240.0
2025-02-08 20:00:21.224000+00:00,obis,2025-02-08T20:00:21.224Z,493,0,0,54,6740,7320,6700,2390,2400,2400,,,,,,6.74,7.32,6.7,239.0,240.0,240.0
2025-02-08 19:59:21.221000+00:00,obis,2025-02-08T19:59:21.221Z,503,0,0,54,6750,7630,6810,2390,2400,2400,,,,,,6.75,7.63,6.81,239.0,240.0,240.0
2025-02-08 19:58:21.212000+00:00,obis,2025-02-08T19:58:21.212Z,504,0,0,54,6830,7590,6840,2390,2400,2400,,,,,,6.83,7.59,6.84,239.0,240.0,240.0
2025-02-08 19:57:11.237000+00:00,obis,2025-02-08T19:57:11.237Z,489,0,0,54,6750,7640,6280,2400,2400,2400,,,,,,6.75,7.64,6.28,240.0,240.0,240.0
2025-02-08 19:56:11.201000+00:00,obis,2025-02-08T19:56:11.201Z,491,0,0,55,6800,7660,6260,2390,2400,2400,,,,,,6.8,7.66,6.26,239.0,240.0,240.0
2025-02-08 19:55:01.251000+00:00,obis,2025-02-08T19:55:01.251Z,518,0,0,52,6940,7820,7060,2390,2400,2400,,,,,,6.94,7.82,7.06,239.0,240.0,240.0
2025-02-08 19:54:01.197000+00:00,obis,2025-02-08T19:54:01.197Z,535,0,0,49,7300,8070,7150,2390,2400,2400,,,,,,7.3,8.07,7.15,239.0,240.0,240.0
2025-02-08 19:52:51.248000+00:00,obis,2025-02-08T19:52:51.248Z,521,0,0,45,6890,8000,7050,2390,2400,2400,,,,,,6.89,8.0,7.05,239.0,240.0,240.0
2025-02-08 19:51:51.195000+00:00,obis,2025-02-08T19:51:51.195Z,512,0,0,44,6890,7720,6940,2390,2400,2400,,,,,,6.89,7.72,6.94,239.0,240.0,240.0
2025-02-08 19:50:51.191000+00:00,obis,2025-02-08T19:50:51.191Z,515,0,0,47,6910,7830,6920,2390,2400,2400,,,,,,6.91,7.83,6.92,239.0,240.0,240.0
2025-02-08 19:49:51.188000+00:00,obis,2025-02-08T19:49:51.188Z,512,0,0,45,6860,7790,6940,2390,2390,2390,,,,,,6.86,7.79,6.94,239.0,239.0,239.0
2025-02-08 19:48:41.238000+00:00,obis,2025-02-08T19:48:41.238Z,516,0,0,46,6910,7870,6910,2390,2400,2400,,,,,,6.91,7.87,6.91,239.0,240.0,240.0
2025-02-08 19:47:41.194000+00:00,obis,2025-02-08T19:47:41.194Z,507,0,0,52,6580,7810,6890,2400,2400,2410,,,,,,6.58,7.81,6.89,240.0,240.0,241.0
2025-02-08 19:46:41.191000+00:00,obis,2025-02-08T19:46:41.191Z,494,0,0,54,6580,7420,6820,2400,2400,2410,,,,,,6.58,7.42,6.82,240.0,240.0,241.0
2025-02-08 19:45:31.191000+00:00,obis,2025-02-08T19:45:31.191Z,549,0,0,70,7350,8940,6900,2400,2400,2400,,,,,,7.35,8.94,6.9,240.0,240.0,240.0
2025-02-08 19:44:31.188000+00:00,obis,2025-02-08T19:44:31.188Z,548,0,0,70,7320,8890,6890,2400,2400,2410,,,,,,7.32,8.89,6.89,240.0,240.0,241.0
2025-02-08 19:43:31.184000+00:00,obis,2025-02-08T19:43:31.184Z,571,0,0,70,7460,9090,7530,2400,2400,2410,,,,,,7.46,9.09,7.53,240.0,240.0,241.0
2025-02-08 19:42:31.181000+00:00,obis,2025-02-08T19:42:31.181Z,567,0,0,70,7370,9120,7420,2400,2400,2400,,,,,,7.37,9.12,7.42,240.0,240.0,240.0
2025-02-08 19:41:21.231000+00:00,obis,2025-02-08T19:41:21.231Z,569,0,0,74,7540,8880,7610,2400,2400,2410,,,,,,7.54,8.88,7.61,240.0,240.0,241.0
2025-02-08 19:40:21.178000+00:00,obis,2025-02-08T19:40:21.178Z,578,0,0,74,7560,9120,7680,2400,2400,2400,,,,,,7.56,9.12,7.68,240.0,240.0,240.0
2025-02-08 19:39:21.174000+00:00,obis,2025-02-08T19:39:21.174Z,605,0,0,73,7990,9470,8010,2400,2400,2400,,,,,,7.99,9.47,8.01,240.0,240.0,240.0
2025-02-08 19:38:11.179000+00:00,obis,2025-02-08T19:38:11.179Z,602,0,0,73,8000,9320,8030,2400,2400,2400,,,,,,8.0,9.32,8.03,240.0,240.0,240.0
2025-02-08 19:37:01.180000+00:00,obis,2025-02-08T19:37:01.18Z,612,0,0,73,8090,9610,8120,2400,2400,2400,,,,,,8.09,9.61,8.12,240.0,240.0,240.0
2025-02-08 19:36:01.170000+00:00,obis,2025-02-08T19:36:01.17Z,620,0,0,73,8180,9720,8190,2400,2400,2400,,,,,,8.18,9.72,8.19,240.0,240.0,240.0
2025-02-08 19:35:01.167000+00:00,obis,2025-02-08T19:35:01.167Z,595,0,0,74,7940,9550,7590,2400,2400,2400,,,,,,7.94,9.55,7.59,240.0,240.0,240.0
2025-02-08 19:34:01.163000+00:00,obis,2025-02-08T19:34:01.163Z,611,0,0,70,7990,9670,8030,2400,2400,2400,,,,,,7.99,9.67,8.03,240.0,240.0,240.0
2025-02-08 19:32:51.164000+00:00,obis,2025-02-08T19:32:51.164Z,583,0,0,66,7890,9040,7650,2390,2400,2400,,,,,,7.89,9.04,7.65,239.0,240.0,240.0
2025-02-08 19:31:41.189000+00:00,obis,2025-02-08T19:31:41.189Z,581,0,0,66,7810,9170,7540,2390,2390,2400,,,,,,7.81,9.17,7.54,239.0,239.0,240.0
2025-02-08 19:30:41.136000+00:00,obis,2025-02-08T19:30:41.136Z,581,0,0,68,7850,9210,7450,2390,2400,2400,,,,,,7.85,9.21,7.45,239.0,240.0,240.0
2025-02-08 19:29:41.132000+00:00,obis,2025-02-08T19:29:41.132Z,544,0,0,65,7440,8680,6800,2390,2400,2400,,,,,,7.44,8.68,6.8,239.0,240.0,240.0
2025-02-08 19:28:31.142000+00:00,obis,2025-02-08T19:28:31.142Z,544,0,0,65,7360,8860,6780,2390,2390,2400,,,,,,7.36,8.86,6.78,239.0,239.0,240.0
2025-02-08 19:27:31.139000+00:00,obis,2025-02-08T19:27:31.139Z,543,0,0,65,7280,8860,6830,2390,2390,2400,,,,,,7.28,8.86,6.83,239.0,239.0,240.0
2025-02-08 19:26:31.136000+00:00,obis,2025-02-08T19:26:31.136Z,566,0,0,72,7160,9380,7400,2390,2400,2400,,,,,,7.16,9.38,7.4,239.0,240.0,240.0
2025-02-09 21:02:52.029000+00:00,obis,2025-02-09T21:02:52.029Z,514,0,0,54,6460,7990,6970,2410,2410,2420,,,,,,6.46,7.99,6.97,241.0,241.0,242.0
2025-02-09 21:01:52.025000+00:00,obis,2025-02-09T21:01:52.025Z,519,0,0,51,6480,8120,7090,2410,2410,2420,,,,,,6.48,8.12,7.09,241.0,241.0,242.0
2025-02-09 21:00:47.350000+00:00,obis,2025-02-09T21:00:47.35Z,513,0,0,48,6410,8030,6990,2410,2410,2420,2025-2-9 22:00:45,1635400.0,0.0,330150.0,62110.0,6.41,8.03,6.99,241.0,241.0,242.0
2025-02-09 21:00:12.036000+00:00,obis,2025-02-09T21:00:12.036Z,516,0,0,50,6400,8100,7010,2410,2420,2420,,,,,,6.4,8.1,7.01,241.0,242.0,242.0
2025-02-09 20:59:12.033000+00:00,obis,2025-02-09T20:59:12.033Z,491,0,0,50,6030,7890,6620,2410,2420,2420,,,,,,6.03,7.89,6.62,241.0,242.0,242.0
2025-02-09 20:58:02.058000+00:00,obis,2025-02-09T20:58:02.058Z,487,0,0,49,6050,7680,6600,2410,2420,2420,,,,,,6.05,7.68,6.6,241.0,242.0,242.0
2025-02-09 20:57:02.030000+00:00,obis,2025-02-09T20:57:02.03Z,489,0,0,50,6040,7840,6560,2410,2420,2420,,,,,,6.04,7.84,6.56,241.0,242.0,242.0
2025-02-09 20:56:02.026000+00:00,obis,2025-02-09T20:56:02.026Z,501,0,0,47,6360,7900,6630,2410,2420,2420,,,,,,6.36,7.9,6.63,241.0,242.0,242.0
2025-02-09 20:54:52.077000+00:00,obis,2025-02-09T20:54:52.077Z,499,0,0,47,6670,7600,6550,2410,2420,2420,,,,,,6.67,7.6,6.55,241.0,242.0,242.0
2025-02-09 20:53:52.023000+00:00,obis,2025-02-09T20:53:52.023Z,500,0,0,54,6600,7750,6540,2410,2420,2420,,,,,,6.6,7.75,6.54,241.0,242.0,242.0
2025-02-09 20:52:42.020000+00:00,obis,2025-02-09T20:52:42.02Z,505,0,0,54,6670,7800,6620,2410,2420,2420,,,,,,6.67,7.8,6.62,241.0,242.0,242.0
2025-02-09 20:51:32.045000+00:00,obis,2025-02-09T20:51:32.045Z,509,0,0,52,6760,7750,6740,2410,2420,2420,,,,,,6.76,7.75,6.74,241.0,242.0,242.0
2025-02-09 20:50:32.017000+00:00,obis,2025-02-09T20:50:32.017Z,506,0,0,56,6440,7930,6800,2410,2420,2420,,,,,,6.44,7.93,6.8,241.0,242.0,242.0
2025-02-09 20:49:32.014000+00:00,obis,2025-02-09T20:49:32.014Z,499,0,0,56,6460,7710,6710,2410,2420,2420,,,,,,6.46,7.71,6.71,241.0,242.0,242.0
2025-02-09 20:48:22.064000+00:00,obis,2025-02-09T20:48:22.064Z,507,0,0,56,6440,7920,6810,2410,2420,2420,,,,,,6.44,7.92,6.81,241.0,242.0,242.0
2025-02-09 20:47:22.011000+00:00,obis,2025-02-09T20:47:22.011Z,511,0,0,55,6480,7990,6910,2410,2420,2420,,,,,,6.48,7.99,6.91,241.0,242.0,242.0
2025-02-09 20:46:12.005000+00:00,obis,2025-02-09T20:46:12.005Z,498,0,0,55,6430,7650,6780,2410,2410,2420,,,,,,6.43,7.65,6.78,241.0,241.0,242.0
2025-02-09 20:45:12.001000+00:00,obis,2025-02-09T20:45:12.001Z,502,0,0,56,6460,7840,6720,2410,2420,2420,,,,,,6.46,7.84,6.72,241.0,242.0,242.0
2025-02-09 20:44:11.998000+00:00,obis,2025-02-09T20:44:11.998Z,498,0,0,58,6420,7720,6680,2410,2420,2420,,,,,,6.42,7.72,6.68,241.0,242.0,242.0
2025-02-09 20:43:11.991000+00:00,obis,2025-02-09T20:43:11.991Z,502,0,0,61,6460,7820,6740,2410,2420,2420,,,,,,6.46,7.82,6.74,241.0,242.0,242.0
2025-02-09 20:42:11.988000+00:00,obis,2025-02-09T20:42:11.988Z,494,0,0,54,6390,7770,6500,2410,2420,2420,,,,,,6.39,7.77,6.5,241.0,242.0,242.0
2025-02-09 20:41:11.984000+00:00,obis,2025-02-09T20:41:11.984Z,494,0,0,54,6430,7650,6550,2410,2420,2420,,,,,,6.43,7.65,6.55,241.0,242.0,242.0
2025-02-09 20:40:02.010000+00:00,obis,2025-02-09T20:40:02.01Z,497,0,0,54,6430,7800,6550,2410,2420,2420,,,,,,6.43,7.8,6.55,241.0,242.0,242.0
2025-02-09 20:38:52.010000+00:00,obis,2025-02-09T20:38:52.01Z,494,0,0,53,6410,7740,6520,2410,2420,2420,,,,,,6.41,7.74,6.52,241.0,242.0,242.0
2025-02-09 20:37:51.982000+00:00,obis,2025-02-09T20:37:51.982Z,490,0,0,54,6450,7550,6520,2410,2420,2410,,,,,,6.45,7.55,6.52,241.0,242.0,241.0
2025-02-09 20:36:51.970000+00:00,obis,2025-02-09T20:36:51.97Z,495,0,0,55,6500,7730,6500,2410,2410,2410,,,,,,6.5,7.73,6.5,241.0,241.0,241.0
2025-02-09 20:35:42.021000+00:00,obis,2025-02-09T20:35:42.021Z,499,0,0,53,6500,7800,6590,2410,2420,2420,,,,,,6.5,7.8,6.59,241.0,242.0,242.0
2025-02-09 20:34:41.967000+00:00,obis,2025-02-09T20:34:41.967Z,496,0,0,54,6420,7720,6600,2410,2420,2420,,,,,,6.42,7.72,6.6,241.0,242.0,242.0
2025-02-09 20:33:32.005000+00:00,obis,2025-02-09T20:33:32.005Z,493,0,0,53,6330,7700,6610,2410,2420,2420,,,,,,6.33,7.7,6.61,241.0,242.0,242.0
2025-02-09 20:32:31.951000+00:00,obis,2025-02-09T20:32:31.951Z,488,0,0,54,6310,7620,6510,2400,2410,2410,,,,,,6.31,7.62,6.51,240.0,241.0,241.0
2025-02-09 20:31:22.002000+00:00,obis,2025-02-09T20:31:22.002Z,500,0,0,51,6410,7770,6710,2400,2410,2410,,,,,,6.41,7.77,6.71,240.0,241.0,241.0
2025-02-09 20:30:12.002000+00:00,obis,2025-02-09T20:30:12.002Z,499,0,0,52,6450,7750,6690,2410,2410,2410,,,,,,6.45,7.75,6.69,241.0,241.0,241.0
2025-02-09 20:29:11.949000+00:00,obis,2025-02-09T20:29:11.949Z,513,0,0,55,6470,7860,7100,2410,2410,2420,,,,,,6.47,7.86,7.1,241.0,241.0,242.0
2025-02-09 20:28:11.945000+00:00,obis,2025-02-09T20:28:11.945Z,519,0,0,55,6490,8060,7110,2410,2410,2420,,,,,,6.49,8.06,7.11,241.0,241.0,242.0
2025-02-09 20:27:11.942000+00:00,obis,2025-02-09T20:27:11.942Z,524,0,0,53,6500,8280,7170,2400,2410,2410,,,,,,6.5,8.28,7.17,240.0,241.0,241.0
2025-02-09 20:26:11.939000+00:00,obis,2025-02-09T20:26:11.939Z,525,0,0,51,6570,8240,7160,2400,2410,2410,,,,,,6.57,8.24,7.16,240.0,241.0,241.0
2025-02-09 20:25:01.989000+00:00,obis,2025-02-09T20:25:01.989Z,525,0,0,52,6560,8220,7150,2410,2410,2410,,,,,,6.56,8.22,7.15,241.0,241.0,241.0
2025-02-09 20:24:01.936000+00:00,obis,2025-02-09T20:24:01.936Z,519,0,0,51,6520,8010,7160,2400,2410,2410,,,,,,6.52,8.01,7.16,240.0,241.0,241.0
2025-02-09 20:22:51.946000+00:00,obis,2025-02-09T20:22:51.946Z,523,0,0,53,6580,8190,7140,2410,2410,2410,,,,,,6.58,8.19,7.14,241.0,241.0,241.0
2025-02-09 20:21:51.943000+00:00,obis,2025-02-09T20:21:51.943Z,493,0,0,52,6080,7840,6740,2400,2410,2410,,,,,,6.08,7.84,6.74,240.0,241.0,241.0
2025-02-09 20:20:51.940000+00:00,obis,2025-02-09T20:20:51.94Z,485,0,0,54,6090,7630,6660,2400,2410,2410,,,,,,6.09,7.63,6.66,240.0,241.0,241.0
2025-02-09 20:19:41.965000+00:00,obis,2025-02-09T20:19:41.965Z,497,0,0,52,6150,7870,6760,2410,2410,2420,,,,,,6.15,7.87,6.76,241.0,241.0,242.0
2025-02-09 20:18:41.937000+00:00,obis,2025-02-09T20:18:41.937Z,497,0,0,53,6150,7930,6710,2410,2410,2420,,,,,,6.15,7.93,6.71,241.0,241.0,242.0
2025-02-09 20:17:41.933000+00:00,obis,2025-02-09T20:17:41.933Z,491,0,0,54,6030,7850,6680,2410,2410,2410,,,,,,6.03,7.85,6.68,241.0,241.0,241.0
2025-02-09 20:16:41.930000+00:00,obis,2025-02-09T20:16:41.93Z,489,0,0,53,6020,7810,6650,2400,2410,2410,,,,,,6.02,7.81,6.65,240.0,241.0,241.0
2025-02-09 20:15:41.926000+00:00,obis,2025-02-09T20:15:41.926Z,480,0,0,55,6010,7480,6650,2400,2410,2410,,,,,,6.01,7.48,6.65,240.0,241.0,241.0
2025-02-09 20:14:41.923000+00:00,obis,2025-02-09T20:14:41.923Z,486,0,0,57,6060,7660,6640,2410,2410,2410,,,,,,6.06,7.66,6.64,241.0,241.0,241.0
2025-02-09 20:13:41.920000+00:00,obis,2025-02-09T20:13:41.92Z,486,0,0,56,6050,7660,6660,2400,2410,2410,,,,,,6.05,7.66,6.66,240.0,241.0,241.0
2025-02-09 20:12:31.967000+00:00,obis,2025-02-09T20:12:31.967Z,503,0,0,53,6490,7790,6800,2400,2410,2410,,,,,,6.49,7.79,6.8,240.0,241.0,241.0
2025-02-09 20:11:21.967000+00:00,obis,2025-02-09T20:11:21.967Z,506,0,0,54,6480,7890,6860,2400,2410,2410,,,,,,6.48,7.89,6.86,240.0,241.0,241.0
2025-02-09 20:10:21.964000+00:00,obis,2025-02-09T20:10:21.964Z,510,0,0,50,6460,7950,6920,2400,2410,2410,,,,,,6.46,7.95,6.92,240.0,241.0,241.0
2025-02-09 20:09:21.911000+00:00,obis,2025-02-09T20:09:21.911Z,523,0,0,50,6530,8040,7360,2400,2410,2410,,,,,,6.53,8.04,7.36,240.0,241.0,241.0
2025-02-09 20:08:11.936000+00:00,obis,2025-02-09T20:08:11.936Z,521,0,0,49,6300,8070,7430,2400,2410,2410,,,,,,6.3,8.07,7.43,240.0,241.0,241.0
2025-02-09 20:07:05.003000+00:00,obis,2025-02-09T20:07:05.003Z,520,0,0,51,6000,8280,7480,2400,2410,2410,,,,,,6.0,8.28,7.48,240.0,241.0,241.0
2025-02-09 20:06:01.613000+00:00,obis,2025-02-09T20:06:01.613Z,519,0,0,51,6040,8280,7420,2400,2410,2410,,,,,,6.04,8.28,7.42,240.0,241.0,241.0
2025-02-09 20:05:01.610000+00:00,obis,2025-02-09T20:05:01.61Z,518,0,0,51,6050,8180,7410,2410,2410,2410,,,,,,6.05,8.18,7.41,241.0,241.0,241.0
2025-02-09 20:04:01.606000+00:00,obis,2025-02-09T20:04:01.606Z,520,0,0,48,6020,8310,7420,2410,2410,2410,,,,,,6.02,8.31,7.42,241.0,241.0,241.0
2025-02-09 20:02:51.611000+00:00,obis,2025-02-09T20:02:51.611Z,503,0,0,57,5870,8010,7210,2400,2410,2410,,,,,,5.87,8.01,7.21,240.0,241.0,241.0
2025-02-09 20:01:51.600000+00:00,obis,2025-02-09T20:01:51.6Z,504,0,0,57,5900,7950,7300,2400,2410,2410,,,,,,5.9,7.95,7.3,240.0,241.0,241.0
2025-02-09 20:00:46.925000+00:00,obis,2025-02-09T20:00:46.925Z,502,0,0,57,5930,7910,7230,2400,2410,2410,2025-2-9 21:00:45,1634900.0,0.0,330150.0,62060.0,5.93,7.91,7.23,240.0,241.0,241.0
2025-02-09 19:59:51.594000+00:00,obis,2025-02-09T19:59:51.594Z,507,0,0,57,5960,7980,7360,2400,2410,2410,,,,,,5.96,7.98,7.36,240.0,241.0,241.0
2025-02-09 19:58:51.590000+00:00,obis,2025-02-09T19:58:51.59Z,514,0,0,57,6240,7910,7440,2400,2410,2410,,,,,,6.24,7.91,7.44,240.0,241.0,241.0
2025-02-09 19:57:51.587000+00:00,obis,2025-02-09T19:57:51.587Z,524,0,0,58,6310,8160,7460,2400,2410,2410,,,,,,6.31,8.16,7.46,240.0,241.0,241.0
2025-02-09 19:56:51.584000+00:00,obis,2025-02-09T19:56:51.584Z,524,0,0,58,6370,8090,7570,2400,2410,2410,,,,,,6.37,8.09,7.57,240.0,241.0,241.0
2025-02-09 19:55:51.580000+00:00,obis,2025-02-09T19:55:51.58Z,523,0,0,62,6350,8130,7490,2400,2410,2410,,,,,,6.35,8.13,7.49,240.0,241.0,241.0
2025-02-09 19:54:51.577000+00:00,obis,2025-02-09T19:54:51.577Z,529,0,0,62,6390,8270,7510,2400,2410,2410,,,,,,6.39,8.27,7.51,240.0,241.0,241.0
2025-02-09 19:53:51.574000+00:00,obis,2025-02-09T19:53:51.574Z,519,0,0,61,6380,8240,7120,2400,2410,2410,,,,,,6.38,8.24,7.12,240.0,241.0,241.0
2025-02-09 19:52:41.609000+00:00,obis,2025-02-09T19:52:41.609Z,516,0,0,60,6370,8170,7090,2400,2410,2410,,,,,,6.37,8.17,7.09,240.0,241.0,241.0
2025-02-09 19:51:41.581000+00:00,obis,2025-02-09T19:51:41.581Z,549,0,0,57,7120,8480,7380,2400,2410,2410,,,,,,7.12,8.48,7.38,240.0,241.0,241.0
2025-02-09 19:50:41.578000+00:00,obis,2025-02-09T19:50:41.578Z,547,0,0,49,7000,8460,7390,2410,2410,2410,,,,,,7.0,8.46,7.39,241.0,241.0,241.0
2025-02-09 19:49:41.574000+00:00,obis,2025-02-09T19:49:41.574Z,548,0,0,50,6940,8490,7450,2410,2410,2420,,,,,,6.94,8.49,7.45,241.0,241.0,242.0
2025-02-09 19:48:31.574000+00:00,obis,2025-02-09T19:48:31.574Z,543,0,0,51,6960,8300,7400,2410,2410,2420,,,,,,6.96,8.3,7.4,241.0,241.0,242.0
2025-02-09 19:47:31.571000+00:00,obis,2025-02-09T19:47:31.571Z,562,0,0,51,7150,8630,7640,2400,2410,2410,,,,,,7.15,8.63,7.64,240.0,241.0,241.0
2025-02-09 19:46:31.568000+00:00,obis,2025-02-09T19:46:31.568Z,558,0,0,49,7110,8540,7650,2400,2410,2410,,,,,,7.11,8.54,7.65,240.0,241.0,241.0
2025-02-09 19:45:31.564000+00:00,obis,2025-02-09T19:45:31.564Z,542,0,0,53,6760,8400,7490,2410,2410,2410,,,,,,6.76,8.4,7.49,241.0,241.0,241.0
2025-02-09 19:44:31.561000+00:00,obis,2025-02-09T19:44:31.561Z,510,0,0,49,6270,8010,7060,2410,2410,2410,,,,,,6.27,8.01,7.06,241.0,241.0,241.0
2025-02-09 19:43:31.558000+00:00,obis,2025-02-09T19:43:31.558Z,501,0,0,46,6190,7820,6910,2400,2410,2410,,,,,,6.19,7.82,6.91,240.0,241.0,241.0
2025-02-09 19:42:31.551000+00:00,obis,2025-02-09T19:42:31.551Z,503,0,0,51,6190,7970,6880,2410,2410,2420,,,,,,6.19,7.97,6.88,241.0,241.0,242.0
2025-02-09 19:41:31.547000+00:00,obis,2025-02-09T19:41:31.547Z,500,0,0,51,6170,7910,6850,2410,2410,2420,,,,,,6.17,7.91,6.85,241.0,241.0,242.0
2025-02-09 19:40:31.544000+00:00,obis,2025-02-09T19:40:31.544Z,502,0,0,51,6200,7850,6960,2400,2410,2410,,,,,,6.2,7.85,6.96,240.0,241.0,241.0
2025-02-09 19:39:31.541000+00:00,obis,2025-02-09T19:39:31.541Z,498,0,0,51,6260,7620,6950,2410,2410,2420,,,,,,6.26,7.62,6.95,241.0,241.0,242.0
2025-02-09 19:38:31.537000+00:00,obis,2025-02-09T19:38:31.537Z,505,0,0,49,6280,7850,7020,2400,2410,2410,,,,,,6.28,7.85,7.02,240.0,241.0,241.0
2025-02-09 19:37:31.534000+00:00,obis,2025-02-09T19:37:31.534Z,507,0,0,49,6200,7910,7140,2400,2410,2410,,,,,,6.2,7.91,7.14,240.0,241.0,241.0
2025-02-09 19:36:31.531000+00:00,obis,2025-02-09T19:36:31.531Z,498,0,0,53,6290,7580,7030,2400,2410,2410,,,,,,6.29,7.58,7.03,240.0,241.0,241.0
2025-02-09 19:35:21.581000+00:00,obis,2025-02-09T19:35:21.581Z,501,0,0,55,6400,7630,7100,2380,2390,2390,,,,,,6.4,7.63,7.1,238.0,239.0,239.0
2025-02-09 19:34:21.526000+00:00,obis,2025-02-09T19:34:21.526Z,507,0,0,55,6370,8010,7040,2390,2390,2400,,,,,,6.37,8.01,7.04,239.0,239.0,240.0
2025-02-09 19:33:11.541000+00:00,obis,2025-02-09T19:33:11.541Z,499,0,0,56,6360,7790,7020,2380,2390,2390,,,,,,6.36,7.79,7.02,238.0,239.0,239.0
2025-02-09 19:32:11.537000+00:00,obis,2025-02-09T19:32:11.537Z,504,0,0,56,6300,7980,7020,2380,2390,2390,,,,,,6.3,7.98,7.02,238.0,239.0,239.0
2025-02-09 19:31:11.534000+00:00,obis,2025-02-09T19:31:11.534Z,506,0,0,56,6300,8070,7060,2380,2380,2390,,,,,,6.3,8.07,7.06,238.0,238.0,239.0
2025-02-09 19:30:01.710000+00:00,obis,2025-02-09T19:30:01.71Z,517,0,0,48,6630,8110,7100,2380,2390,2390,,,,,,6.63,8.11,7.1,238.0,239.0,239.0
2025-02-09 19:29:01.581000+00:00,obis,2025-02-09T19:29:01.581Z,519,0,0,48,6660,8130,7100,2380,2390,2390,,,,,,6.66,8.13,7.1,238.0,239.0,239.0
2025-02-09 19:27:51.556000+00:00,obis,2025-02-09T19:27:51.556Z,523,0,0,47,6700,8260,7130,2380,2390,2390,,,,,,6.7,8.26,7.13,238.0,239.0,239.0
2025-02-09 19:26:51.524000+00:00,obis,2025-02-09T19:26:51.524Z,519,0,0,48,6710,8180,6980,2380,2390,2390,,,,,,6.71,8.18,6.98,238.0,239.0,239.0
2025-02-09 19:25:51.521000+00:00,obis,2025-02-09T19:25:51.521Z,514,0,0,48,6660,8140,6930,2380,2380,2390,,,,,,6.66,8.14,6.93,238.0,238.0,239.0
2025-02-09 19:24:51.517000+00:00,obis,2025-02-09T19:24:51.517Z,497,0,0,44,6500,7760,6740,2380,2390,2390,,,,,,6.5,7.76,6.74,238.0,239.0,239.0
2025-02-09 19:23:51.514000+00:00,obis,2025-02-09T19:23:51.514Z,500,0,0,48,6290,8010,6830,2380,2390,2390,,,,,,6.29,8.01,6.83,238.0,239.0,239.0
2025-02-09 19:22:41.543000+00:00,obis,2025-02-09T19:22:41.543Z,512,0,0,49,6380,8270,6980,2380,2380,2390,,,,,,6.38,8.27,6.98,238.0,238.0,239.0
2025-02-09 19:21:41.539000+00:00,obis,2025-02-09T19:21:41.539Z,504,0,0,52,6370,8120,6810,2380,2390,2390,,,,,,6.37,8.12,6.81,238.0,239.0,239.0
2025-02-09 19:20:31.540000+00:00,obis,2025-02-09T19:20:31.54Z,509,0,0,51,6390,8240,6910,2380,2390,2390,,,,,,6.39,8.24,6.91,238.0,239.0,239.0
2025-02-09 19:19:21.540000+00:00,obis,2025-02-09T19:19:21.54Z,503,0,0,51,6320,8130,6800,2380,2390,2390,,,,,,6.32,8.13,6.8,238.0,239.0,239.0
