time;air_temperature
2025-02-07 00:00:00+00:00;-3.38
2025-02-07 01:00:00+00:00;-3.016666666666667
2025-02-07 02:00:00+00:00;-2.9166666666666665
2025-02-07 03:00:00+00:00;-3.1833333333333336
2025-02-07 04:00:00+00:00;-3.4166666666666665
2025-02-07 05:00:00+00:00;-3.75
2025-02-07 06:00:00+00:00;-3.1
2025-02-07 07:00:00+00:00;-3.3000000000000003
2025-02-07 08:00:00+00:00;-2.6166666666666667
2025-02-07 09:00:00+00:00;-0.7000000000000001
2025-02-07 10:00:00+00:00;0.8833333333333333
2025-02-07 11:00:00+00:00;0.8666666666666667
2025-02-07 12:00:00+00:00;2.15
2025-02-07 13:00:00+00:00;2.4499999999999997
2025-02-07 14:00:00+00:00;1.5999999999999999
2025-02-07 15:00:00+00:00;1.2833333333333334
2025-02-07 16:00:00+00:00;0.15
2025-02-07 17:00:00+00:00;-0.45
2025-02-07 18:00:00+00:00;-1.4200000000000002
2025-02-07 19:00:00+00:00;-2.6
2025-02-07 20:00:00+00:00;-1.7333333333333334
2025-02-07 21:00:00+00:00;-1.1166666666666667
2025-02-07 22:00:00+00:00;-0.9833333333333334
2025-02-07 23:00:00+00:00;-0.7166666666666667
2025-02-08 00:00:00+00:00;-0.6833333333333332
2025-02-08 01:00:00+00:00;-0.65
2025-02-08 02:00:00+00:00;-0.4166666666666667
2025-02-08 03:00:00+00:00;-0.02
2025-02-08 04:00:00+00:00;0.1
2025-02-08 05:00:00+00:00;0.10000000000000002
2025-02-08 06:00:00+00:00;0.06000000000000001
2025-02-08 07:00:00+00:00;0.03333333333333333
2025-02-08 08:00:00+00:00;0.016666666666666666
2025-02-08 09:00:00+00:00;-0.18333333333333335
2025-02-08 10:00:00+00:00;-0.22000000000000003
2025-02-08 11:00:00+00:00;-0.2833333333333333
2025-02-08 12:00:00+00:00;-0.6166666666666667
2025-02-08 13:00:00+00:00;-0.36666666666666664
2025-02-08 14:00:00+00:00;-0.46666666666666673
2025-02-08 15:00:00+00:00;-0.12000000000000002
2025-02-08 16:00:00+00:00;-0.8333333333333334
2025-02-08 17:00:00+00:00;-1.2166666666666666
2025-02-08 18:00:00+00:00;-1.8499999999999999
2025-02-08 19:00:00+00:00;-2.425
2025-02-08 20:00:00+00:00;-2.5166666666666666
2025-02-08 21:00:00+00:00;-2.966666666666667
2025-02-08 22:00:00+00:00;-2.3833333333333333
2025-02-08 23:00:00+00:00;-2.533333333333333
2025-02-09 00:00:00+00:00;-2.783333333333333
2025-02-09 01:00:00+00:00;-3.75
2025-02-09 02:00:00+00:00;-5.033333333333333
2025-02-09 03:00:00+00:00;-6.083333333333333
2025-02-09 04:00:00+00:00;-6.92
2025-02-09 05:00:00+00:00;-7.7
2025-02-09 06:00:00+00:00;-8.049999999999999
2025-02-09 07:00:00+00:00;-8.059999999999999
2025-02-09 08:00:00+00:00;-6.366666666666667
2025-02-09 09:00:00+00:00;-4.42
2025-02-09 10:00:00+00:00;-3.0
2025-02-09 11:00:00+00:00;-2.433333333333333
2025-02-09 12:00:00+00:00;-2.1166666666666667
2025-02-09 13:00:00+00:00;-2.0500000000000003
2025-02-09 14:00:00+00:00;-1.9666666666666668
2025-02-09 15:00:00+00:00;-2.8333333333333335
2025-02-09 16:00:00+00:00;-3.75
2025-02-09 17:00:00+00:00;-4.475
2025-02-09 18:00:00+00:00;-5.066666666666666
2025-02-09 19:00:00+00:00;-5.733333333333333
2025-02-09 20:00:00+00:00;-6.516666666666667
2025-02-09 21:00:00+00:00;-7.083333333333333
2025-02-09 22:00:00+00:00;-7.459999999999999
2025-02-09 23:00:00+00:00;-7.88
2025-02-10 00:00:00+00:00;-8.183333333333332
2025-02-10 01:00:00+00:00;-8.416666666666666
2025-02-10 02:00:00+00:00;-8.666666666666666
2025-02-10 03:00:00+00:00;-8.833333333333334
2025-02-10 04:00:00+00:00;-8.583333333333334
2025-02-10 05:00:00+00:00;-8.1
2025-02-10 06:00:00+00:00;-6.383333333333333
2025-02-10 07:00:00+00:00;-5.6000000000000005
2025-02-10 08:00:00+00:00;-4.533333333333333
2025-02-10 09:00:00+00:00;-2.2333333333333334
2025-02-10 10:00:00+00:00;0.48333333333333334
2025-02-10 11:00:00+00:00;1.3666666666666665
2025-02-10 12:00:00+00:00;1.8333333333333333
2025-02-10 13:00:00+00:00;1.8166666666666667
2025-02-10 14:00:00+00:00;0.7666666666666666
2025-02-10 15:00:00+00:00;0.65
2025-02-10 16:00:00+00:00;-0.5666666666666667
2025-02-10 17:00:00+00:00;-1.9333333333333333
2025-02-10 18:00:00+00:00;-3.283333333333333
2025-02-10 19:00:00+00:00;-3.6999999999999997
2025-02-10 20:00:00+00:00;-4.316666666666666
2025-02-10 21:00:00+00:00;-4.720000000000001
2025-02-10 22:00:00+00:00;-5.68
2025-02-10 23:00:00+00:00;-6.1000000000000005
2025-02-11 00:00:00+00:00;-6.233333333333333
2025-02-11 01:00:00+00:00;-6.483333333333333
2025-02-11 02:00:00+00:00;-6.7
2025-02-11 03:00:00+00:00;-6.733333333333333
2025-02-11 04:00:00+00:00;-6.2
2025-02-11 05:00:00+00:00;-4.9
2025-02-11 06:00:00+00:00;-4.88
2025-02-11 07:00:00+00:00;-4.6000000000000005
2025-02-11 08:00:00+00:00;-3.4200000000000004
2025-02-11 09:00:00+00:00;-1.3666666666666665
2025-02-11 10:00:00+00:00;0.9
2025-02-11 11:00:00+00:00;1.6833333333333333
2025-02-11 12:00:00+00:00;2.85
2025-02-11 13:00:00+00:00;2.85
2025-02-11 14:00:00+00:00;2.1666666666666665
2025-02-11 15:00:00+00:00;1.0666666666666667
2025-02-11 16:00:00+00:00;0.18333333333333335
2025-02-11 17:00:00+00:00;-1.6166666666666665
2025-02-11 18:00:00+00:00;-2.4833333333333334
2025-02-11 19:00:00+00:00;-3.516666666666667
2025-02-11 20:00:00+00:00;-4.5
2025-02-11 21:00:00+00:00;-5.3500000000000005
2025-02-11 22:00:00+00:00;-6.433333333333334
2025-02-11 23:00:00+00:00;-7.1
2025-02-12 00:00:00+00:00;-7.8
2025-02-12 01:00:00+00:00;-8.016666666666667
2025-02-12 02:00:00+00:00;-8.459999999999999
2025-02-12 03:00:00+00:00;-8.433333333333334
2025-02-12 04:00:00+00:00;-8.266666666666667
2025-02-12 05:00:00+00:00;-7.183333333333334
2025-02-12 06:00:00+00:00;-7.92
2025-02-12 07:00:00+00:00;-8.133333333333333
2025-02-12 08:00:00+00:00;-6.166666666666667
2025-02-12 09:00:00+00:00;-4.066666666666666
2025-02-12 10:00:00+00:00;-2.25
2025-02-12 11:00:00+00:00;-0.8333333333333334
2025-02-12 12:00:00+00:00;0.20000000000000004
2025-02-12 13:00:00+00:00;-0.15000000000000002
2025-02-12 14:00:00+00:00;-0.5666666666666668
2025-02-12 15:00:00+00:00;-1.1333333333333333
2025-02-12 16:00:00+00:00;-2.1
2025-02-12 17:00:00+00:00;-3.3333333333333335
2025-02-12 18:00:00+00:00;-4.55
2025-02-12 19:00:00+00:00;-5.333333333333333
2025-02-12 20:00:00+00:00;-6.1000000000000005
2025-02-12 21:00:00+00:00;-4.95
2025-02-12 22:00:00+00:00;-3.1399999999999997
2025-02-12 23:00:00+00:00;-3.6166666666666667
2025-02-13 00:00:00+00:00;-2.533333333333333
2025-02-13 01:00:00+00:00;-2.316666666666667
2025-02-13 02:00:00+00:00;-2.06
2025-02-13 03:00:00+00:00;-1.7166666666666668
2025-02-13 04:00:00+00:00;-1.4000000000000001
2025-02-13 05:00:00+00:00;-1.2
2025-02-13 06:00:00+00:00;-1.0999999999999999
2025-02-13 07:00:00+00:00;-1.1500000000000001
2025-02-13 08:00:00+00:00;-1.0833333333333333
2025-02-13 09:00:00+00:00;-0.16666666666666666
2025-02-13 10:00:00+00:00;0.31666666666666665
2025-02-13 11:00:00+00:00;0.9833333333333334
2025-02-13 12:00:00+00:00;1.0999999999999999
2025-02-13 13:00:00+00:00;1.05
2025-02-13 14:00:00+00:00;0.8166666666666668
2025-02-13 15:00:00+00:00;0.5
2025-02-13 16:00:00+00:00;-0.4666666666666666
2025-02-13 17:00:00+00:00;-2.216666666666667
2025-02-13 18:00:00+00:00;-3.516666666666667
2025-02-13 19:00:00+00:00;-4.783333333333333
2025-02-13 20:00:00+00:00;-6.066666666666666
2025-02-13 21:00:00+00:00;-7.166666666666667
2025-02-13 22:00:00+00:00;-8.1
2025-02-13 23:00:00+00:00;-8.68
2025-02-14 00:00:00+00:00;-9.383333333333333
2025-02-14 01:00:00+00:00;-9.766666666666667
2025-02-14 02:00:00+00:00;-10.366666666666667
2025-02-14 03:00:00+00:00;-10.783333333333333
2025-02-14 04:00:00+00:00;-10.950000000000001
2025-02-14 05:00:00+00:00;-9.333333333333334
2025-02-14 06:00:00+00:00;-7.0
2025-02-14 07:00:00+00:00;-5.966666666666666
2025-02-14 08:00:00+00:00;-4.633333333333334
2025-02-14 09:00:00+00:00;-3.3166666666666664
2025-02-14 10:00:00+00:00;-2.066666666666667
2025-02-14 11:00:00+00:00;-0.39999999999999997
2025-02-14 12:00:00+00:00;0.21666666666666667
2025-02-14 13:00:00+00:00;0.16666666666666666
2025-02-14 14:00:00+00:00;0.26666666666666666
2025-02-14 15:00:00+00:00;0.3333333333333333
2025-02-14 16:00:00+00:00;-0.9800000000000001
2025-02-14 17:00:00+00:00;-1.9666666666666668
2025-02-14 18:00:00+00:00;-3.3333333333333335
2025-02-14 19:00:00+00:00;-4.866666666666666
2025-02-14 20:00:00+00:00;-5.5
2025-02-14 21:00:00+00:00;-5.516666666666667
2025-02-14 22:00:00+00:00;-5.6000000000000005
2025-02-14 23:00:00+00:00;-5.66
2025-02-15 00:00:00+00:00;-5.766666666666667
2025-02-15 01:00:00+00:00;-5.816666666666666
2025-02-15 02:00:00+00:00;-5.883333333333333
2025-02-15 03:00:00+00:00;-6.08
2025-02-15 04:00:00+00:00;-6.716666666666666
2025-02-15 05:00:00+00:00;-6.816666666666666
2025-02-15 06:00:00+00:00;-5.68
2025-02-15 07:00:00+00:00;-4.8999999999999995
2025-02-15 08:00:00+00:00;-3.56
2025-02-15 09:00:00+00:00;-3.65
2025-02-15 10:00:00+00:00;-3.38
2025-02-15 11:00:00+00:00;-3.0833333333333335
2025-02-15 12:00:00+00:00;-3.033333333333333
2025-02-15 13:00:00+00:00;-3.0500000000000003
2025-02-15 14:00:00+00:00;-3.6666666666666665
2025-02-15 15:00:00+00:00;-4.1499999999999995
2025-02-15 16:00:00+00:00;-4.9799999999999995
2025-02-15 17:00:00+00:00;-6.2
2025-02-15 18:00:00+00:00;-7.783333333333334
2025-02-15 19:00:00+00:00;-7.966666666666666
2025-02-15 20:00:00+00:00;-8.933333333333334
2025-02-15 21:00:00+00:00;-9.966666666666667
2025-02-15 22:00:00+00:00;-10.766666666666666
2025-02-15 23:00:00+00:00;-11.516666666666667
2025-02-16 00:00:00+00:00;-12.316666666666668
2025-02-16 01:00:00+00:00;-12.983333333333334
2025-02-16 02:00:00+00:00;-13.6
2025-02-16 03:00:00+00:00;-14.066666666666668
2025-02-16 04:00:00+00:00;-14.416666666666666
2025-02-16 05:00:00+00:00;-14.516666666666666
2025-02-16 06:00:00+00:00;-14.533333333333333
2025-02-16 07:00:00+00:00;-14.183333333333332
2025-02-16 08:00:00+00:00;-12.883333333333333
2025-02-16 09:00:00+00:00;-9.116666666666667
2025-02-16 10:00:00+00:00;-4.8500000000000005
2025-02-16 11:00:00+00:00;-2.2399999999999998
2025-02-16 12:00:00+00:00;-0.8333333333333334
2025-02-16 13:00:00+00:00;-0.5333333333333333
2025-02-16 14:00:00+00:00;-0.15
2025-02-16 15:00:00+00:00;-0.8833333333333333
2025-02-16 16:00:00+00:00;-3.3833333333333333
2025-02-16 17:00:00+00:00;-5.88
2025-02-16 18:00:00+00:00;-7.466666666666666
2025-02-16 19:00:00+00:00;-8.65
2025-02-16 20:00:00+00:00;-9.450000000000001
2025-02-16 21:00:00+00:00;-10.1
2025-02-16 22:00:00+00:00;-10.4
2025-02-16 23:00:00+00:00;-10.266666666666667
2025-02-17 00:00:00+00:00;-10.766666666666666
2025-02-17 01:00:00+00:00;-11.375
2025-02-17 02:00:00+00:00;-10.85
2025-02-17 03:00:00+00:00;-10.25
2025-02-17 04:00:00+00:00;-10.6
2025-02-17 05:00:00+00:00;-11.8
2025-02-17 06:00:00+00:00;-9.1
2025-02-17 07:00:00+00:00;-8.433333333333334
2025-02-17 08:00:00+00:00;-6.1499999999999995
2025-02-17 09:00:00+00:00;-2.683333333333333
2025-02-17 10:00:00+00:00;-0.16666666666666666
2025-02-17 11:00:00+00:00;0.45
2025-02-17 12:00:00+00:00;1.7333333333333332
2025-02-17 13:00:00+00:00;1.9166666666666667
2025-02-17 14:00:00+00:00;1.2666666666666666
2025-02-17 15:00:00+00:00;-0.016666666666666673
2025-02-17 16:00:00+00:00;-1.8833333333333335
2025-02-17 17:00:00+00:00;-2.566666666666667
2025-02-17 18:00:00+00:00;-3.1
2025-02-17 19:00:00+00:00;-4.4799999999999995
2025-02-17 20:00:00+00:00;-5.566666666666666
2025-02-17 21:00:00+00:00;-6.18
2025-02-17 22:00:00+00:00;-7.1499999999999995
2025-02-17 23:00:00+00:00;-7.779999999999999
2025-02-18 00:00:00+00:00;-8.466666666666667
2025-02-18 01:00:00+00:00;-8.783333333333333
2025-02-18 02:00:00+00:00;-9.25
2025-02-18 03:00:00+00:00;-9.533333333333333
2025-02-18 04:00:00+00:00;-9.7
2025-02-18 05:00:00+00:00;-9.45
2025-02-18 06:00:00+00:00;-9.950000000000001
2025-02-18 07:00:00+00:00;-9.5
2025-02-18 08:00:00+00:00;-7.25
2025-02-18 09:00:00+00:00;-2.65
2025-02-18 10:00:00+00:00;0.3
2025-02-18 11:00:00+00:00;1.3333333333333333
2025-02-18 12:00:00+00:00;2.2666666666666666
2025-02-18 13:00:00+00:00;2.0
2025-02-18 14:00:00+00:00;1.05
2025-02-18 15:00:00+00:00;-0.049999999999999996
2025-02-18 16:00:00+00:00;-2.1
2025-02-18 17:00:00+00:00;-3.5
2025-02-18 18:00:00+00:00;-4.866666666666666
2025-02-18 19:00:00+00:00;-6.083333333333333
2025-02-18 20:00:00+00:00;-7.0
2025-02-18 21:00:00+00:00;-7.866666666666667
2025-02-18 22:00:00+00:00;-8.566666666666666
2025-02-18 23:00:00+00:00;-9.25
2025-02-19 00:00:00+00:00;-9.816666666666666
2025-02-19 01:00:00+00:00;-10.200000000000001
2025-02-19 02:00:00+00:00;-10.65
2025-02-19 03:00:00+00:00;-11.133333333333333
2025-02-19 04:00:00+00:00;-11.233333333333334
2025-02-19 05:00:00+00:00;-11.3
2025-02-19 06:00:00+00:00;-11.58
2025-02-19 07:00:00+00:00;-11.516666666666666
2025-02-19 08:00:00+00:00;-9.299999999999999
2025-02-19 09:00:00+00:00;-4.5
2025-02-19 10:00:00+00:00;-2.1
2025-02-19 11:00:00+00:00;-1.1666666666666667
2025-02-19 12:00:00+00:00;0.0
2025-02-19 13:00:00+00:00;0.5499999999999999
2025-02-19 14:00:00+00:00;0.5333333333333333
2025-02-19 15:00:00+00:00;0.1
2025-02-19 16:00:00+00:00;-1.2
2025-02-19 17:00:00+00:00;-2.6666666666666665
2025-02-19 18:00:00+00:00;-4.0
2025-02-19 19:00:00+00:00;-3.9166666666666665
2025-02-19 20:00:00+00:00;-2.9166666666666665
2025-02-19 21:00:00+00:00;-2.85
2025-02-19 22:00:00+00:00;-3.25
2025-02-19 23:00:00+00:00;-3.1666666666666665
2025-02-20 00:00:00+00:00;-3.016666666666667
2025-02-20 01:00:00+00:00;-2.65
2025-02-20 02:00:00+00:00;-2.1166666666666667
2025-02-20 03:00:00+00:00;-1.9000000000000001
2025-02-20 04:00:00+00:00;-1.0666666666666667
2025-02-20 05:00:00+00:00;0.01666666666666669
2025-02-20 06:00:00+00:00;-0.19999999999999998
2025-02-20 07:00:00+00:00;-0.06666666666666667
2025-02-20 08:00:00+00:00;-0.05000000000000001
2025-02-20 09:00:00+00:00;-0.0833333333333333
2025-02-20 10:00:00+00:00;0.2833333333333333
2025-02-20 11:00:00+00:00;0.6333333333333333
2025-02-20 12:00:00+00:00;1.0
2025-02-20 13:00:00+00:00;1.3166666666666667
2025-02-20 14:00:00+00:00;1.2833333333333334
2025-02-20 15:00:00+00:00;1.5833333333333333
2025-02-20 16:00:00+00:00;1.3333333333333333
2025-02-20 17:00:00+00:00;1.2166666666666666
2025-02-20 18:00:00+00:00;1.3833333333333335
2025-02-20 19:00:00+00:00;1.4000000000000001
2025-02-20 20:00:00+00:00;1.0666666666666667
2025-02-20 21:00:00+00:00;0.36
2025-02-20 22:00:00+00:00;-0.48333333333333334
2025-02-20 23:00:00+00:00;-1.1333333333333335
2025-02-21 00:00:00+00:00;-1.3499999999999999
2025-02-21 01:00:00+00:00;-0.9833333333333334
2025-02-21 02:00:00+00:00;0.08333333333333333
2025-02-21 03:00:00+00:00;0.48333333333333334
2025-02-21 04:00:00+00:00;1.5666666666666667
2025-02-21 05:00:00+00:00;2.25
2025-02-21 06:00:00+00:00;2.516666666666667
2025-02-21 07:00:00+00:00;2.8666666666666667
2025-02-21 08:00:00+00:00;2.983333333333333
2025-02-21 09:00:00+00:00;3.4
2025-02-21 10:00:00+00:00;3.6333333333333333
2025-02-21 11:00:00+00:00;3.8000000000000003
2025-02-21 12:00:00+00:00;3.9166666666666665
2025-02-21 13:00:00+00:00;4.05
2025-02-21 14:00:00+00:00;4.133333333333334
2025-02-21 15:00:00+00:00;3.8666666666666667
2025-02-21 16:00:00+00:00;3.6166666666666667
2025-02-21 17:00:00+00:00;3.4499999999999997
2025-02-21 18:00:00+00:00;3.25
2025-02-21 19:00:00+00:00;2.8333333333333335
2025-02-21 20:00:00+00:00;2.65
2025-02-21 21:00:00+00:00;2.1666666666666665
2025-02-21 22:00:00+00:00;1.9166666666666667
2025-02-21 23:00:00+00:00;1.9333333333333333
2025-02-22 00:00:00+00:00;2.9333333333333336
2025-02-22 01:00:00+00:00;3.75
2025-02-22 02:00:00+00:00;3.9166666666666665
2025-02-22 03:00:00+00:00;3.5833333333333335
2025-02-22 04:00:00+00:00;4.533333333333333
2025-02-22 05:00:00+00:00;4.583333333333333
2025-02-22 06:00:00+00:00;4.583333333333333
2025-02-22 07:00:00+00:00;4.45
2025-02-22 08:00:00+00:00;4.433333333333334
2025-02-22 09:00:00+00:00;4.333333333333333
2025-02-22 10:00:00+00:00;4.466666666666667
2025-02-22 11:00:00+00:00;4.75
2025-02-22 12:00:00+00:00;4.566666666666666
2025-02-22 13:00:00+00:00;4.95
2025-02-22 14:00:00+00:00;4.683333333333334
2025-02-22 15:00:00+00:00;4.366666666666666
2025-02-22 16:00:00+00:00;4.3
2025-02-22 17:00:00+00:00;4.066666666666666
2025-02-22 18:00:00+00:00;4.0
2025-02-22 19:00:00+00:00;3.8833333333333333
2025-02-22 20:00:00+00:00;3.7399999999999998
2025-02-22 21:00:00+00:00;3.516666666666667
2025-02-22 22:00:00+00:00;3.4166666666666665
2025-02-22 23:00:00+00:00;2.933333333333333
2025-02-23 00:00:00+00:00;2.9499999999999997
2025-02-23 01:00:00+00:00;3.16
2025-02-23 02:00:00+00:00;2.733333333333333
2025-02-23 03:00:00+00:00;2.6166666666666667
2025-02-23 04:00:00+00:00;2.52
2025-02-23 05:00:00+00:00;2.0833333333333335
2025-02-23 06:00:00+00:00;1.9166666666666667
2025-02-23 07:00:00+00:00;2.066666666666667
2025-02-23 08:00:00+00:00;2.2333333333333334
2025-02-23 09:00:00+00:00;2.4833333333333334
2025-02-23 10:00:00+00:00;2.6999999999999997
2025-02-23 11:00:00+00:00;2.8833333333333333
2025-02-23 12:00:00+00:00;3.6166666666666667
2025-02-23 13:00:00+00:00;3.733333333333333
2025-02-23 14:00:00+00:00;4.016666666666667
2025-02-23 15:00:00+00:00;4.283333333333333
2025-02-23 16:00:00+00:00;4.25
2025-02-23 17:00:00+00:00;3.8166666666666664
2025-02-23 18:00:00+00:00;3.6666666666666665
2025-02-23 19:00:00+00:00;3.6166666666666667
2025-02-23 20:00:00+00:00;3.733333333333333
2025-02-23 21:00:00+00:00;3.4
2025-02-23 22:00:00+00:00;3.1
2025-02-23 23:00:00+00:00;3.0500000000000003
2025-02-24 00:00:00+00:00;3.1333333333333333
2025-02-24 01:00:00+00:00;3.22
2025-02-24 02:00:00+00:00;3.75
2025-02-24 03:00:00+00:00;4.5
2025-02-24 04:00:00+00:00;5.266666666666667
2025-02-24 05:00:00+00:00;5.766666666666667
2025-02-24 06:00:00+00:00;5.7
2025-02-24 07:00:00+00:00;5.983333333333333
2025-02-24 08:00:00+00:00;6.05
2025-02-24 09:00:00+00:00;5.983333333333333
2025-02-24 10:00:00+00:00;6.1000000000000005
2025-02-24 11:00:00+00:00;6.016666666666667
2025-02-24 12:00:00+00:00;6.05
2025-02-24 13:00:00+00:00;6.383333333333333
2025-02-24 14:00:00+00:00;6.433333333333334
2025-02-24 15:00:00+00:00;6.266666666666667
2025-02-24 16:00:00+00:00;5.916666666666667
2025-02-24 17:00:00+00:00;5.883333333333333
2025-02-24 18:00:00+00:00;5.64
2025-02-24 19:00:00+00:00;5.433333333333334
2025-02-24 20:00:00+00:00;5.383333333333333
2025-02-24 21:00:00+00:00;5.26
2025-02-24 22:00:00+00:00;4.66
2025-02-24 23:00:00+00:00;4.666666666666667
2025-02-25 00:00:00+00:00;4.583333333333333
2025-02-25 01:00:00+00:00;4.55
2025-02-25 02:00:00+00:00;4.316666666666666
2025-02-25 03:00:00+00:00;4.3
2025-02-25 04:00:00+00:00;4.8
2025-02-25 05:00:00+00:00;5.266666666666667
2025-02-25 06:00:00+00:00;5.083333333333333
2025-02-25 07:00:00+00:00;5.033333333333333
2025-02-25 08:00:00+00:00;4.933333333333334
2025-02-25 09:00:00+00:00;4.616666666666666
2025-02-25 10:00:00+00:00;4.516666666666667
2025-02-25 11:00:00+00:00;4.8
2025-02-25 12:00:00+00:00;4.983333333333333
2025-02-25 13:00:00+00:00;4.816666666666666
2025-02-25 14:00:00+00:00;4.866666666666666
2025-02-25 15:00:00+00:00;4.55
2025-02-25 16:00:00+00:00;5.016666666666667
2025-02-25 17:00:00+00:00;4.5
2025-02-25 18:00:00+00:00;4.016666666666667
2025-02-25 19:00:00+00:00;4.12
2025-02-25 20:00:00+00:00;4.16
2025-02-25 21:00:00+00:00;4.133333333333334
2025-02-25 22:00:00+00:00;3.46
2025-02-25 23:00:00+00:00;2.96
2025-02-26 00:00:00+00:00;2.6333333333333333
2025-02-26 01:00:00+00:00;2.566666666666667
2025-02-26 02:00:00+00:00;2.4
2025-02-26 03:00:00+00:00;1.9666666666666668
2025-02-26 04:00:00+00:00;2.1333333333333333
2025-02-26 05:00:00+00:00;3.7399999999999998
2025-02-26 06:00:00+00:00;3.0
2025-02-26 07:00:00+00:00;3.1
2025-02-26 08:00:00+00:00;3.3200000000000003
2025-02-26 09:00:00+00:00;3.6833333333333336
2025-02-26 10:00:00+00:00;4.5
2025-02-26 11:00:00+00:00;4.766666666666667
2025-02-26 12:00:00+00:00;6.3500000000000005
2025-02-26 13:00:00+00:00;6.816666666666666
2025-02-26 14:00:00+00:00;6.866666666666667
2025-02-26 15:00:00+00:00;6.483333333333333
2025-02-26 16:00:00+00:00;5.766666666666667
2025-02-26 17:00:00+00:00;4.583333333333333
2025-02-26 18:00:00+00:00;4.383333333333334
2025-02-26 19:00:00+00:00;4.46
2025-02-26 20:00:00+00:00;3.9333333333333336
2025-02-26 21:00:00+00:00;3.8666666666666667
2025-02-26 22:00:00+00:00;3.4
2025-02-26 23:00:00+00:00;3.3333333333333335
2025-02-27 00:00:00+00:00;3.3000000000000003
2025-02-27 01:00:00+00:00;3.1
2025-02-27 02:00:00+00:00;2.9166666666666665
2025-02-27 03:00:00+00:00;2.5166666666666666
2025-02-27 04:00:00+00:00;3.0833333333333335
2025-02-27 05:00:00+00:00;4.033333333333333
2025-02-27 06:00:00+00:00;4.283333333333333
2025-02-27 07:00:00+00:00;3.85
2025-02-27 08:00:00+00:00;3.1
2025-02-27 09:00:00+00:00;3.233333333333333
2025-02-27 10:00:00+00:00;3.1166666666666667
2025-02-27 11:00:00+00:00;3.5
2025-02-27 12:00:00+00:00;3.6999999999999997
2025-02-27 13:00:00+00:00;4.2
2025-02-27 14:00:00+00:00;4.533333333333333
2025-02-27 15:00:00+00:00;3.733333333333333
2025-02-27 16:00:00+00:00;3.5500000000000003
2025-02-27 17:00:00+00:00;2.25
2025-02-27 18:00:00+00:00;1.3666666666666665
2025-02-27 19:00:00+00:00;0.6599999999999999
2025-02-27 20:00:00+00:00;0.11666666666666665
2025-02-27 21:00:00+00:00;-0.5166666666666667
2025-02-27 22:00:00+00:00;-0.7333333333333334
2025-02-27 23:00:00+00:00;-1.1400000000000001
2025-02-28 00:00:00+00:00;-1.1833333333333333
2025-02-28 01:00:00+00:00;-1.1166666666666667
2025-02-28 02:00:00+00:00;-1.1166666666666667
2025-02-28 03:00:00+00:00;-1.1666666666666667
2025-02-28 04:00:00+00:00;-0.9500000000000001
2025-02-28 05:00:00+00:00;0.1166666666666667
2025-02-28 06:00:00+00:00;-0.2833333333333333
2025-02-28 07:00:00+00:00;0.11666666666666665
2025-02-28 08:00:00+00:00;-0.9666666666666668
2025-02-28 09:00:00+00:00;-0.09999999999999999
2025-02-28 10:00:00+00:00;1.6833333333333333
2025-02-28 11:00:00+00:00;2.966666666666667
2025-02-28 12:00:00+00:00;4.033333333333333
2025-02-28 13:00:00+00:00;4.666666666666667
2025-02-28 14:00:00+00:00;4.383333333333334
2025-02-28 15:00:00+00:00;4.066666666666667
2025-02-28 16:00:00+00:00;2.1
2025-02-28 17:00:00+00:00;0.6166666666666667
2025-02-28 18:00:00+00:00;-0.25
2025-02-28 19:00:00+00:00;-0.85
2025-02-28 20:00:00+00:00;-1.55
2025-02-28 21:00:00+00:00;-1.5
2025-02-28 22:00:00+00:00;-2.0500000000000003
2025-02-28 23:00:00+00:00;-2.3333333333333335
2025-03-01 00:00:00+00:00;-2.6
2025-03-01 01:00:00+00:00;-2.6999999999999997
2025-03-01 02:00:00+00:00;-2.2666666666666666
2025-03-01 03:00:00+00:00;-2.0833333333333335
2025-03-01 04:00:00+00:00;-1.9833333333333334
2025-03-01 05:00:00+00:00;-2.02
2025-03-01 06:00:00+00:00;-2.25
2025-03-01 07:00:00+00:00;-1.6166666666666665
2025-03-01 08:00:00+00:00;-0.6666666666666666
2025-03-01 09:00:00+00:00;-0.11666666666666665
2025-03-01 10:00:00+00:00;0.9833333333333334
2025-03-01 11:00:00+00:00;2.1333333333333333
2025-03-01 12:00:00+00:00;2.98
2025-03-01 13:00:00+00:00;3.1833333333333336
2025-03-01 14:00:00+00:00;3.466666666666667
2025-03-01 15:00:00+00:00;3.4
2025-03-01 16:00:00+00:00;2.88
2025-03-01 17:00:00+00:00;1.5
2025-03-01 18:00:00+00:00;0.6333333333333333
2025-03-01 19:00:00+00:00;-0.3666666666666667
2025-03-01 20:00:00+00:00;-0.6166666666666666
2025-03-01 21:00:00+00:00;-0.5333333333333333
2025-03-01 22:00:00+00:00;-0.9500000000000001
2025-03-01 23:00:00+00:00;-1.4833333333333334
2025-03-02 00:00:00+00:00;-1.3666666666666665
2025-03-02 01:00:00+00:00;-1.3666666666666665
2025-03-02 02:00:00+00:00;-1.1500000000000001
2025-03-02 03:00:00+00:00;-0.7166666666666667
2025-03-02 04:00:00+00:00;-0.6
2025-03-02 05:00:00+00:00;-0.3666666666666667
2025-03-02 06:00:00+00:00;0.48333333333333334
2025-03-02 07:00:00+00:00;2.62
2025-03-02 08:00:00+00:00;4.7
2025-03-02 09:00:00+00:00;6.25
2025-03-02 10:00:00+00:00;6.766666666666667
2025-03-02 11:00:00+00:00;6.916666666666667
2025-03-02 12:00:00+00:00;6.883333333333334
2025-03-02 13:00:00+00:00;6.833333333333333
2025-03-02 14:00:00+00:00;7.3
2025-03-02 15:00:00+00:00;6.583333333333333
2025-03-02 16:00:00+00:00;6.616666666666667
2025-03-02 17:00:00+00:00;6.26
2025-03-02 18:00:00+00:00;6.133333333333333
2025-03-02 19:00:00+00:00;5.233333333333333
2025-03-02 20:00:00+00:00;4.316666666666666
2025-03-02 21:00:00+00:00;3.8833333333333333
2025-03-02 22:00:00+00:00;2.466666666666667
2025-03-02 23:00:00+00:00;1.2833333333333334
2025-03-03 00:00:00+00:00;0.3
2025-03-03 01:00:00+00:00;0.18333333333333335
2025-03-03 02:00:00+00:00;0.48333333333333334
2025-03-03 03:00:00+00:00;0.9166666666666666
2025-03-03 04:00:00+00:00;4.1000000000000005
2025-03-03 05:00:00+00:00;5.066666666666666
2025-03-03 06:00:00+00:00;4.2
2025-03-03 07:00:00+00:00;5.033333333333333
2025-03-03 08:00:00+00:00;5.8999999999999995
2025-03-03 09:00:00+00:00;7.3
2025-03-03 10:00:00+00:00;8.716666666666667
2025-03-03 11:00:00+00:00;10.299999999999999
2025-03-03 12:00:00+00:00;11.066666666666668
2025-03-03 13:00:00+00:00;11.183333333333332
2025-03-03 14:00:00+00:00;10.683333333333332
2025-03-03 15:00:00+00:00;10.299999999999999
2025-03-03 16:00:00+00:00;9.5
2025-03-03 17:00:00+00:00;6.2
2025-03-03 18:00:00+00:00;4.5
2025-03-03 19:00:00+00:00;3.65
2025-03-03 20:00:00+00:00;2.733333333333333
2025-03-03 21:00:00+00:00;2.1666666666666665
2025-03-03 22:00:00+00:00;1.6500000000000001
2025-03-03 23:00:00+00:00;1.7
2025-03-04 00:00:00+00:00;2.7399999999999998
2025-03-04 01:00:00+00:00;2.9166666666666665
2025-03-04 02:00:00+00:00;4.1499999999999995
2025-03-04 03:00:00+00:00;5.316666666666666
2025-03-04 04:00:00+00:00;5.9
2025-03-04 05:00:00+00:00;6.716666666666666
2025-03-04 06:00:00+00:00;6.583333333333333
2025-03-04 07:00:00+00:00;7.133333333333333
2025-03-04 08:00:00+00:00;7.816666666666666
2025-03-04 09:00:00+00:00;8.799999999999999
2025-03-04 10:00:00+00:00;9.0
2025-03-04 11:00:00+00:00;8.933333333333334
2025-03-04 12:00:00+00:00;9.233333333333333
2025-03-04 13:00:00+00:00;9.666666666666666
2025-03-04 14:00:00+00:00;9.466666666666667
2025-03-04 15:00:00+00:00;9.1
2025-03-04 16:00:00+00:00;8.533333333333333
2025-03-04 17:00:00+00:00;8.116666666666667
2025-03-04 18:00:00+00:00;7.859999999999999
2025-03-04 19:00:00+00:00;7.466666666666666
2025-03-04 20:00:00+00:00;7.166666666666667
2025-03-04 21:00:00+00:00;6.7
2025-03-04 22:00:00+00:00;6.2
2025-03-04 23:00:00+00:00;6.1499999999999995
2025-03-05 00:00:00+00:00;6.1000000000000005
2025-03-05 01:00:00+00:00;6.333333333333333
2025-03-05 02:00:00+00:00;6.55
2025-03-05 03:00:00+00:00;6.783333333333334
2025-03-05 04:00:00+00:00;7.2
2025-03-05 05:00:00+00:00;7.866666666666667
2025-03-05 06:00:00+00:00;7.859999999999999
2025-03-05 07:00:00+00:00;8.299999999999999
2025-03-05 08:00:00+00:00;8.966666666666667
2025-03-05 09:00:00+00:00;9.916666666666666
2025-03-05 10:00:00+00:00;10.366666666666667
2025-03-05 11:00:00+00:00;10.833333333333334
2025-03-05 12:00:00+00:00;11.033333333333333
2025-03-05 13:00:00+00:00;10.816666666666668
2025-03-05 14:00:00+00:00;10.983333333333334
2025-03-05 15:00:00+00:00;11.25
2025-03-05 16:00:00+00:00;10.766666666666666
2025-03-05 17:00:00+00:00;10.083333333333334
2025-03-05 18:00:00+00:00;9.566666666666666
2025-03-05 19:00:00+00:00;9.360000000000001
2025-03-05 20:00:00+00:00;9.16
2025-03-05 21:00:00+00:00;8.799999999999999
2025-03-05 22:00:00+00:00;8.316666666666666
2025-03-05 23:00:00+00:00;8.483333333333333
2025-03-06 00:00:00+00:00;8.283333333333333
2025-03-06 01:00:00+00:00;8.6
2025-03-06 02:00:00+00:00;8.666666666666666
2025-03-06 03:00:00+00:00;8.6
2025-03-06 04:00:00+00:00;8.483333333333333
2025-03-06 05:00:00+00:00;9.22
2025-03-06 06:00:00+00:00;8.549999999999999
2025-03-06 07:00:00+00:00;9.200000000000001
2025-03-06 08:00:00+00:00;10.85
2025-03-06 09:00:00+00:00;11.866666666666667
2025-03-06 10:00:00+00:00;12.666666666666666
2025-03-06 11:00:00+00:00;14.233333333333334
2025-03-06 12:00:00+00:00;14.35
2025-03-06 13:00:00+00:00;14.383333333333333
2025-03-06 14:00:00+00:00;13.233333333333334
2025-03-06 15:00:00+00:00;13.233333333333334
2025-03-06 16:00:00+00:00;12.200000000000001
2025-03-06 17:00:00+00:00;10.5
2025-03-06 18:00:00+00:00;8.1
2025-03-06 19:00:00+00:00;6.716666666666666
2025-03-06 20:00:00+00:00;6.25
2025-03-06 21:00:00+00:00;5.5
2025-03-06 22:00:00+00:00;4.966666666666667
2025-03-06 23:00:00+00:00;3.983333333333333
2025-03-07 00:00:00+00:00;3.8833333333333333
2025-03-07 01:00:00+00:00;5.066666666666666
2025-03-07 02:00:00+00:00;4.916666666666667
2025-03-07 03:00:00+00:00;4.55
2025-03-07 04:00:00+00:00;5.25
2025-03-07 05:00:00+00:00;6.6000000000000005
2025-03-07 06:00:00+00:00;6.433333333333334
2025-03-07 07:00:00+00:00;6.183333333333334
2025-03-07 08:00:00+00:00;5.816666666666666
2025-03-07 09:00:00+00:00;6.383333333333333
2025-03-07 10:00:00+00:00;6.95
2025-03-07 11:00:00+00:00;6.58
2025-03-07 12:00:00+00:00;7.033333333333332
2025-03-07 13:00:00+00:00;7.5
2025-03-07 14:00:00+00:00;8.0
2025-03-07 15:00:00+00:00;7.766666666666667
2025-03-07 16:00:00+00:00;7.266666666666667
2025-03-07 17:00:00+00:00;6.8999999999999995
2025-03-07 18:00:00+00:00;6.283333333333334
2025-03-07 19:00:00+00:00;6.1000000000000005
2025-03-07 20:00:00+00:00;5.933333333333334
2025-03-07 21:00:00+00:00;5.783333333333334
2025-03-07 22:00:00+00:00;5.3999999999999995
2025-03-07 23:00:00+00:00;4.95
2025-03-08 00:00:00+00:00;4.3500000000000005
2025-03-08 01:00:00+00:00;3.8166666666666664
2025-03-08 02:00:00+00:00;3.3000000000000003
2025-03-08 03:00:00+00:00;2.6999999999999997
2025-03-08 04:00:00+00:00;1.7
2025-03-08 05:00:00+00:00;0.8166666666666668
2025-03-08 06:00:00+00:00;0.7666666666666666
2025-03-08 07:00:00+00:00;0.7000000000000001
2025-03-08 08:00:00+00:00;1.8499999999999999
2025-03-08 09:00:00+00:00;2.9333333333333336
2025-03-08 10:00:00+00:00;4.4399999999999995
2025-03-08 11:00:00+00:00;5.583333333333333
2025-03-08 12:00:00+00:00;6.633333333333333
2025-03-08 13:00:00+00:00;6.6
2025-03-08 14:00:00+00:00;7.066666666666666
2025-03-08 15:00:00+00:00;6.76
2025-03-08 16:00:00+00:00;6.3500000000000005
2025-03-08 17:00:00+00:00;5.533333333333334
2025-03-08 18:00:00+00:00;4.76
2025-03-08 19:00:00+00:00;4.216666666666667
2025-03-08 20:00:00+00:00;3.5200000000000005
2025-03-08 21:00:00+00:00;3.216666666666667
2025-03-08 22:00:00+00:00;3.0833333333333335
2025-03-08 23:00:00+00:00;3.3166666666666664
2025-03-09 00:00:00+00:00;3.6333333333333333
2025-03-09 01:00:00+00:00;3.533333333333333
2025-03-09 02:00:00+00:00;3.3333333333333335
2025-03-09 03:00:00+00:00;3.033333333333333
2025-03-09 04:00:00+00:00;2.766666666666667
2025-03-09 05:00:00+00:00;2.4
2025-03-09 06:00:00+00:00;2.1333333333333333
2025-03-09 07:00:00+00:00;1.95
2025-03-09 08:00:00+00:00;2.283333333333333
2025-03-09 09:00:00+00:00;3.016666666666667
2025-03-09 10:00:00+00:00;4.033333333333333
2025-03-09 11:00:00+00:00;4.95
2025-03-09 12:00:00+00:00;5.659999999999999
2025-03-09 13:00:00+00:00;6.04
2025-03-09 14:00:00+00:00;5.666666666666667
2025-03-09 15:00:00+00:00;5.75
2025-03-09 16:00:00+00:00;5.566666666666666
2025-03-09 17:00:00+00:00;5.133333333333334
2025-03-09 18:00:00+00:00;4.566666666666666
2025-03-09 19:00:00+00:00;3.3833333333333333
2025-03-09 20:00:00+00:00;3.0
2025-03-09 21:00:00+00:00;2.2333333333333334
2025-03-09 22:00:00+00:00;1.95
2025-03-09 23:00:00+00:00;1.6166666666666665
2025-03-10 00:00:00+00:00;1.2833333333333334
2025-03-10 01:00:00+00:00;0.7000000000000001
2025-03-10 02:00:00+00:00;0.8833333333333333
2025-03-10 03:00:00+00:00;0.6666666666666666
2025-03-10 04:00:00+00:00;1.1833333333333333
2025-03-10 05:00:00+00:00;3.1666666666666665
2025-03-10 06:00:00+00:00;3.1333333333333333
2025-03-10 07:00:00+00:00;3.25
2025-03-10 08:00:00+00:00;3.766666666666667
2025-03-10 09:00:00+00:00;3.6999999999999997
2025-03-10 10:00:00+00:00;3.65
2025-03-10 11:00:00+00:00;3.5
2025-03-10 12:00:00+00:00;3.25
2025-03-10 13:00:00+00:00;3.1833333333333336
2025-03-10 14:00:00+00:00;2.9499999999999997
2025-03-10 15:00:00+00:00;2.65
2025-03-10 16:00:00+00:00;2.2666666666666666
2025-03-10 17:00:00+00:00;2.1
2025-03-10 18:00:00+00:00;1.4833333333333334
2025-03-10 19:00:00+00:00;1.2833333333333334
2025-03-10 20:00:00+00:00;1.0166666666666666
2025-03-10 21:00:00+00:00;0.7333333333333334
2025-03-10 22:00:00+00:00;0.5499999999999999
2025-03-10 23:00:00+00:00;0.35000000000000003
2025-03-11 00:00:00+00:00;0.2333333333333333
2025-03-11 01:00:00+00:00;-0.05000000000000001
2025-03-11 02:00:00+00:00;-0.13333333333333333
2025-03-11 03:00:00+00:00;-0.35000000000000003
2025-03-11 04:00:00+00:00;-0.3333333333333333
2025-03-11 05:00:00+00:00;-0.3333333333333333
2025-03-11 06:00:00+00:00;-0.7666666666666667
2025-03-11 07:00:00+00:00;-0.5499999999999999
2025-03-11 08:00:00+00:00;-0.16666666666666666
2025-03-11 09:00:00+00:00;0.64
2025-03-11 10:00:00+00:00;0.8833333333333333
2025-03-11 11:00:00+00:00;0.5
2025-03-11 12:00:00+00:00;1.3
2025-03-11 13:00:00+00:00;1.9000000000000001
2025-03-11 14:00:00+00:00;1.4833333333333334
2025-03-11 15:00:00+00:00;1.6333333333333335
2025-03-11 16:00:00+00:00;-0.13333333333333333
2025-03-11 17:00:00+00:00;-0.7333333333333334
2025-03-11 18:00:00+00:00;-0.8833333333333333
2025-03-11 19:00:00+00:00;-1.0
2025-03-11 20:00:00+00:00;-1.1
2025-03-11 21:00:00+00:00;-1.1166666666666667
2025-03-11 22:00:00+00:00;-1.4000000000000001
2025-03-11 23:00:00+00:00;-1.5666666666666667
2025-03-12 00:00:00+00:00;-1.6500000000000001
2025-03-12 01:00:00+00:00;-1.8166666666666667
2025-03-12 02:00:00+00:00;-1.8666666666666665
2025-03-12 03:00:00+00:00;-1.9833333333333334
2025-03-12 04:00:00+00:00;-2.0500000000000003
2025-03-12 05:00:00+00:00;-1.7666666666666666
2025-03-12 06:00:00+00:00;-1.9000000000000001
2025-03-12 07:00:00+00:00;-1.8499999999999999
2025-03-12 08:00:00+00:00;-1.5833333333333333
2025-03-12 09:00:00+00:00;-1.1666666666666667
2025-03-12 10:00:00+00:00;-0.8833333333333333
2025-03-12 11:00:00+00:00;-0.26666666666666666
2025-03-12 12:00:00+00:00;0.0
2025-03-12 13:00:00+00:00;0.45
2025-03-12 14:00:00+00:00;0.03333333333333335
2025-03-12 15:00:00+00:00;-0.19999999999999998
2025-03-12 16:00:00+00:00;-0.5
2025-03-12 17:00:00+00:00;-1.0833333333333333
2025-03-12 18:00:00+00:00;-1.5166666666666666
2025-03-12 19:00:00+00:00;-1.7666666666666666
2025-03-12 20:00:00+00:00;-2.1333333333333333
2025-03-12 21:00:00+00:00;-2.4833333333333334
2025-03-12 22:00:00+00:00;-2.8166666666666664
2025-03-12 23:00:00+00:00;-3.266666666666667
2025-03-13 00:00:00+00:00;-3.6999999999999997
2025-03-13 01:00:00+00:00;-4.083333333333333
2025-03-13 02:00:00+00:00;-4.366666666666667
2025-03-13 03:00:00+00:00;-4.566666666666666
2025-03-13 04:00:00+00:00;-4.8500000000000005
2025-03-13 05:00:00+00:00;-4.6000000000000005
2025-03-13 06:00:00+00:00;-4.633333333333334
2025-03-13 07:00:00+00:00;-3.0500000000000003
2025-03-13 08:00:00+00:00;-1.8666666666666665
2025-03-13 09:00:00+00:00;-0.8333333333333334
2025-03-13 10:00:00+00:00;0.09999999999999998
2025-03-13 11:00:00+00:00;0.23333333333333336
2025-03-13 12:00:00+00:00;1.3499999999999999
2025-03-13 13:00:00+00:00;1.8499999999999999
2025-03-13 14:00:00+00:00;2.183333333333333
2025-03-13 15:00:00+00:00;2.0
2025-03-13 16:00:00+00:00;1.25
2025-03-13 17:00:00+00:00;-0.9
2025-03-13 18:00:00+00:00;-2.3833333333333333
2025-03-13 19:00:00+00:00;-3.233333333333333
2025-03-13 20:00:00+00:00;-4.083333333333333
2025-03-13 21:00:00+00:00;-5.0
2025-03-13 22:00:00+00:00;-5.8
2025-03-13 23:00:00+00:00;-6.633333333333333
2025-03-14 00:00:00+00:00;-7.25
2025-03-14 01:00:00+00:00;-7.7
2025-03-14 02:00:00+00:00;-8.0
2025-03-14 03:00:00+00:00;-8.116666666666665
2025-03-14 04:00:00+00:00;-7.966666666666666
2025-03-14 05:00:00+00:00;-7.133333333333333
2025-03-14 06:00:00+00:00;-6.483333333333333
2025-03-14 07:00:00+00:00;-2.6833333333333336
2025-03-14 08:00:00+00:00;-1.0
2025-03-14 09:00:00+00:00;1.8166666666666667
2025-03-14 10:00:00+00:00;4.1499999999999995
2025-03-14 11:00:00+00:00;5.183333333333334
2025-03-14 12:00:00+00:00;5.683333333333334
2025-03-14 13:00:00+00:00;5.983333333333333
2025-03-14 14:00:00+00:00;5.933333333333334
2025-03-14 15:00:00+00:00;5.616666666666667
2025-03-14 16:00:00+00:00;3.9
2025-03-14 17:00:00+00:00;0.7166666666666667
2025-03-14 18:00:00+00:00;-1.0166666666666666
2025-03-14 19:00:00+00:00;-1.6666666666666667
2025-03-14 20:00:00+00:00;-2.0833333333333335
2025-03-14 21:00:00+00:00;-2.716666666666667
2025-03-14 22:00:00+00:00;-3.4
2025-03-14 23:00:00+00:00;-4.05
